word,coefficient
a,5.2836766
aafiasiddiqui,2.1132899
aap,3.3237493
ababa,3.3835301
abandoned,3.9949572
abduction,4.9533743
abdullah,3.3473953
abed,6.7138778
abetting,4.8877738
abhorrent,3.1446243
ability,6.4387624
able,7.0361123
abolish,4.3078036
aborting,5.1648232
abortion,6.4023335
about,1.8981273
abouta,2.9003622
above,4.8379329
abp,3.7082883
absentee,4.3644486
absolute,3.8365959
absolutely,3.8508077
absorbed,4.3315064
absurd,4.6509924
absurdly,4.6954824
abu,3.5909339
abuse,3.650268
abused,5.0303587
abuser,5.1306814
abusive,3.1854142
abvp,3.191528
abvpkagundaraj,3.4774954
academia,4.4215767
acc,4.835892
accent,4.6698131
accept,6.6012009
acceptable,4.8744358
accepted,5.6152667
accepting,5.3097463
access,6.8595097
accident,3.4462146
accomplice,4.323363
accordance,3.0929712
according,4.2804799
accordingly,4.601278
account,3.6170252
accountability,4.5523771
accountable,4.4627937
accounting,4.8844401
accounts,5.6721298
accuse,4.2140603
accused,5.4497893
acid,4.4804752
acl,3.3617983
acres,6.6382305
across,6.5824949
act,6.6065411
acting,5.321218
action,6.7567465
actions,7.4412697
actively,5.0093006
activists,5.1723291
activities,6.5962705
activity,4.8099742
actors,4.0495476
actress,5.6397855
acts,6.7906342
actual,5.4356402
actually,6.2282604
ad,7.4292028
ada,6.965764
adam,3.514954
adapt,4.6361095
addict,4.1282812
adding,4.4372297
addis,5.6573334
address,5.4432923
adeel,4.2750492
adhere,7.1031361
administration,5.8398954
admit,3.8033198
admits,5.3327074
admitted,4.5219991
admittedly,3.6605283
admitting,4.3707898
admonish,4.1128559
adoption,5.3602949
adorable,3.8855266
ads,8.3708486
adu,5.3610745
adult,6.2345871
adulterer,5.2630907
adulterers,6.1781234
adults,7.488445
adversaries,6.616129
adversary,4.6531194
advice,4.2151751
afghan,3.5490568
afghanistan,4.8235799
afraid,2.9103769
africa,8.8801344
african,7.944066
africans,9.0319142
afrikaans,3.9279495
afro,7.4330989
after,5.3711109
afternoon,3.8289718
afterwords,3.9456561
again,2.5030962
against,3.7574598
age,5.3662297
agencies,6.836029
agenda,5.9283759
agent,3.9597536
agents,7.0232875
ages,7.5988957
aggression,4.7859786
aggressive,3.9217048
agitating,4.7603887
agitation,6.9354992
ago,1.4047287
agree,2.4417398
agreeable,3.0866845
agreed,4.3972067
ags,3.8634395
ahab,2.7446237
ahamberdertoofar,3.9650192
ahead,5.2541148
ahhh,4.0765296
ahmed,4.0907543
ahshshsjs,1.9717756
aid,1.8938018
aiding,3.6578961
aids,4.5405385
aight,0.48249661
ain,3.5173851
aint,2.6938967
air,3.4987787
aise,4.3875618
ait,2.6907775
aitundersiege,4.8009135
akbar,2.6798727
akron,2.8829119
al,11.461109
alan,5.0766808
album,2.8419153
alert,6.2884869
alertthedaycarestaff,4.6190526
algeria,6.5914039
algerian,5.8235792
ali,9.8343493
alien,9.4132541
aliens,11.322574
aligarhmurdercase,4.151658
alimony,4.9555357
alive,7.4820865
all,8.4928659
allah,6.0254398
alleged,8.055409
allegedly,6.4297727
allen,7.0325353
alley,6.9312967
alliance,4.6678293
alliances,6.2165566
allies,9.3103667
alllivesmatter,4.470619
allow,8.1178036
allowed,9.1306754
allowing,6.079603
allows,6.9793533
ally,9.6189148
alma,3.9655869
almost,3.7934405
alnusrafront,3.7461375
alone,2.344912
along,3.8611716
alongside,4.2808892
aloud,4.1263524
already,3.4406894
also,4.5572793
alta,4.8597785
altering,4.1005539
alternate,4.9777921
alternative,5.4065743
alternatives,6.3267346
although,3.8019268
always,6.3539226
am,0.16584735
amazing,2.67642
ambassador,2.5790419
amber,5.9122683
amendment,5.4078846
america,9.1786894
americaabuser,5.8445526
american,8.8023145
americanism,7.8889973
americans,9.5997322
americansfirst,6.8720758
americansforimpeachment,4.5711843
americansforimpeachnent,3.984646
americanterrorist,7.2103041
amnesty,6.4094672
among,3.160333
amoral,3.6700262
amounts,5.0890905
amy,3.358136
an,1.4362269
anaheim,4.2153112
anal,5.8595079
analyst,3.7314946
anarchists,6.7671913
ancestors,4.7509812
ancestral,4.3433503
anchors,4.701192
and,1.9619481
andrew,3.5267195
andy,3.6423751
angel,5.9230517
angelic,5.3252584
anger,8.6095979
angie,5.3674193
angle,7.6332555
anglo,5.8103213
angry,7.7802815
animal,5.0367188
animals,7.1909574
anna,5.3588233
anniversary,4.908108
announce,3.7151773
announced,4.8581145
announces,5.2928693
announcing,3.7357967
annoying,3.5361555
anonymous,4.340817
another,4.9882753
answer,5.8399769
answered,5.6708652
anti,8.3932548
antiantifa,5.8274248
antifa,5.7284251
antifreedomfighters,4.9919072
antifrees,6.3042967
antisocial,5.3439018
antiwhite,9.1323861
antonio,4.8363955
anxieties,6.0008902
anxiety,4.3079632
any,7.7650369
anybody,5.9130055
anymore,3.8638712
anyone,5.8425047
anything,2.7893145
anytime,3.2910786
anyway,6.2104088
anywhere,3.5702964
apart,3.7418939
apartment,4.1985041
ape,5.3353929
apes,6.3977109
apologies,6.5322353
apologize,4.1741898
apostle,3.3325648
app,3.9292848
appalled,6.15937
appalling,2.6805063
apparently,3.9856286
appears,2.0861315
appeased,5.0342386
appeasement,4.0985042
applaud,5.1009226
apples,7.3254781
applicable,4.238283
application,6.4212114
applied,5.2841734
apply,5.3461493
appreciate,4.4655868
approach,4.1533496
approaching,3.2576962
approval,3.9180225
approved,5.1181991
arab,6.6746523
arabia,6.2101851
arabians,7.4820246
arabs,7.2632155
arafat,3.4149464
arby,5.1968696
arc,6.1436358
architecture,6.2950812
arcofhistory,4.014252
arctic,5.2747936
are,10.428879
area,7.3849254
areas,6.4839169
arent,6.4166178
argument,4.953901
ari,7.3797957
arm,7.389099
armed,7.1967785
armenian,5.1371318
armeniangenocide,6.9979688
army,6.5692577
arno,5.127029
arnold,4.7302343
around,12.45968
arousal,7.1781624
arranged,6.6964647
arrest,8.1609916
arrested,7.6327925
arrests,8.7031069
arrivals,6.3455686
arrived,6.8732244
arriving,4.1039644
arson,2.675155
arthurcampos,3.5678185
article,4.8666982
articles,6.03836
artist,4.5140953
arw,5.2885913
as,-0.95550972
asap,3.890526
ashamed,4.318935
ashley,2.7765019
asia,5.1627611
asian,5.4321881
asians,7.3706205
aside,5.2532743
asinine,4.0603601
ask,4.1744388
asked,4.626623
asking,1.8172794
asleep,3.6570611
aspect,5.4439891
asphalt,2.8723695
aspirants,6.629433
aspiration,6.9198939
ass,1.7721464
assad,3.8427261
assam,3.1428925
assassinated,4.9166232
assassins,3.9367023
assault,4.2071001
assaulted,4.5050576
asses,5.1884354
assessment,3.9534904
asshole,3.439173
assigned,4.2273179
assimilating,4.9638347
assist,3.0792367
associate,4.6229769
associated,5.0281054
association,6.3032138
asst,2.7093652
assume,2.4584348
assure,3.547359
assured,5.0757657
astounding,4.4240934
asylum,4.3655966
at,-3.1616586
atc,2.9561183
ate,8.1912878
atrocious,4.1819981
attached,6.6588483
attack,11.661568
attacked,8.5616898
attackers,9.1007236
attacking,7.4106771
attacks,9.4012102
attempt,4.1149632
attempted,4.4564366
attempting,4.1247452
attenborough,3.8646978
attention,6.5434765
attitude,4.9438649
attitudes,5.9107477
attract,4.5288515
attracted,4.5865586
attraction,5.3267684
attractive,4.8067865
audrey,2.5397624
aunt,1.1088301
aur,4.1900994
aussie,3.5734409
australia,4.7505505
australian,4.7795514
australians,5.9754683
austria,4.7245467
authentic,6.0261646
authenticity,5.7478879
authoritarian,5.4966432
authorities,8.0801015
authority,6.5830368
automatic,4.3361056
automatically,5.0993692
autopsy,3.9402548
available,4.7056377
average,5.2489237
avi,3.1578863
aviv,3.3917835
avoid,4.1620278
awaiting,4.722147
awakening,3.5115634
awakens,5.6401128
awamdushman,3.400586
aware,6.8996863
away,8.9854135
awb,3.058112
awesome,3.3596331
awful,3.2288021
axe,2.2750972
axed,5.560839
axes,6.0504731
ayo,2.7313153
ayodhya,2.907122
b,3.7677216
ba,8.4562356
baat,3.5620278
baathist,4.3422734
babe,5.3967768
babes,7.0408114
babies,9.6377388
baby,5.1266323
babysitters,5.6434306
back,13.099458
backed,8.7374313
background,7.4384352
backhand,5.7477742
backing,7.0586878
backup,6.4826854
backwards,6.8848007
backyard,5.2204349
bad,4.8341216
badass,3.9006042
badge,5.870555
badly,5.2238192
baekyeol,3.1497053
bag,4.9775138
bagdadi,3.6380484
baggage,4.3001212
bags,5.9238668
bailout,3.0599933
bait,4.6736961
baker,5.3395992
baki,4.8375747
balakotairstrike,3.6753844
balance,3.8975253
bald,7.4222047
baldwin,4.2054546
ball,9.8148572
ballad,5.9899853
balls,8.1266598
balochistan,5.6519526
ban,6.9683873
band,6.3984693
bandri,4.7675069
bane,6.3017347
banerjee,5.8931888
bangladesh,6.8601739
bangladeshi,6.3416842
bank,6.1445673
bankers,7.1334512
banned,6.0181448
banners,7.056377
banning,4.6190802
bans,9.5762158
bansanctuarycities,5.7842936
barack,6.837282
barbaric,5.3214024
barbecue,3.404807
barca,4.76612
barcelona,4.5194995
bare,7.7483439
bark,4.9960355
barking,2.5519384
barney,3.1927729
baroda,4.5423327
barrage,5.3875853
barren,6.4618923
bars,6.1777657
baryon,5.0356639
base,7.6912568
based,7.5305794
bashing,4.5859952
basic,5.7785936
basically,6.3926473
basin,4.8984719
bastard,4.1584075
bastards,5.0628789
bathroom,4.5609693
battling,3.5554072
bbc,2.6099996
be,2.6590119
beam,1.879502
beaming,2.62515
beaner,4.0738398
beaners,5.3986983
beard,1.034071
bearded,2.8990225
bears,0.88453487
beast,3.0636123
beat,2.1957352
beating,5.0511328
beatings,5.5590113
beats,4.6633621
beautiful,3.8900587
beauty,3.4648261
became,1.0521973
because,-1.6888493
become,4.6487406
becomes,5.9098658
becoming,4.2162557
bed,7.0659119
bee,1.6306434
beech,1.9489917
beef,0.85698364
beekeeping,2.6565885
been,-0.45978642
bees,5.1283095
before,-1.3137242
began,3.6731858
begging,2.0152584
begin,3.3524337
beginning,2.7992121
begs,3.1626082
begun,2.3022278
behalf,3.6256888
behan,3.5306441
behaving,3.884152
behavior,4.0338643
behead,4.6784527
beheading,4.1460741
beheads,5.4339887
behind,4.6377601
bei,1.1229304
being,2.2085569
belgium,3.2469357
believe,4.6114309
believers,7.516392
believes,6.505541
bells,4.6322465
belly,4.7100911
belong,4.0073532
belt,3.3133151
ben,5.7038167
bend,5.5345158
benders,8.7232603
benedict,3.3626261
benedictdonald,3.0052642
beneficial,4.2342006
benefit,3.202514
bengal,7.643992
bengali,6.6933268
benghazi,4.5147843
bent,4.5019532
berkeley,3.3792722
bern,4.212962
besought,1.4563885
best,4.1336672
bestiality,4.9830311
bet,2.671743
beta,2.2590649
beto,2.3675681
betrayal,3.3026904
betrayed,3.5095917
bette,3.3852497
better,4.086697
between,2.5761301
bey,2.6498287
beyond,2.8411547
bhi,3.5810081
bhobisyoter,3.60546
bi,1.0707714
bible,4.46525
bibliography,3.0595923
bibs,2.8156467
biceps,3.4175858
biddy,3.0986278
biden,3.7310179
bieber,4.3607202
bier,5.3447173
big,1.3505749
bigger,5.5407773
biggest,4.2120163
biggs,3.9688873
bigot,2.4676775
bigotry,3.0343552
biking,1.3058592
bill,7.8094445
billiondollarloser,4.5674924
bills,5.9445222
bin,1.9610707
bing,3.9164512
bio,3.0059997
bios,2.3274141
bipolar,3.0753815
bird,2.3117201
birds,3.8483322
birthday,1.8884965
birther,5.4777
bisexual,3.3468483
bishkek,2.6279728
bit,0.078655724
bitch,-3.6349295
bitches,1.9557279
bitchesaredogs,1.8943297
bjp,3.4473365
bk,2.2772163
black,5.8292778
blackballed,6.2263329
blackface,2.2424705
blackheads,5.1507642
blackout,3.12113
blacks,6.6007197
blades,8.0466243
blah,3.3588715
blair,4.0448554
blame,3.6985004
blaming,4.3548157
blankets,4.5618032
blast,3.581969
blasting,4.7536191
bleed,6.218416
bleeding,3.7936183
blended,5.615963
bless,9.0806145
blew,3.0639317
blind,4.401156
block,5.4416008
blocked,4.407049
blocking,4.1688652
blocks,4.8892379
bloggers,6.4565896
blogging,2.9259088
blond,4.0932213
blonde,4.453226
blood,5.032822
bloodline,3.8536765
bloodonyourhands,3.4367132
bloods,4.9864538
bloodshed,3.9224289
bloody,5.5100647
blow,4.2584745
blowing,3.4167316
blowjob,3.3859249
blown,5.3512272
blows,3.7687787
blue,3.8548736
bnp,2.7416885
board,3.6719511
boats,4.7283354
bob,2.8844212
bobbie,3.3087795
bobo,2.5375461
bobwoolmer,3.4304055
bodied,4.8065
body,6.2572924
bodyguard,2.9505052
bogus,5.1723073
boils,4.0274167
bojo,3.1370703
boko,2.7470597
boldandbeautiful,2.9605336
bolt,3.5325732
bomb,2.5879069
bombed,4.9636004
bomber,5.6405454
bombers,6.4870392
bombing,4.3914754
bombings,5.1953587
bombs,3.9578228
bone,2.8913434
bong,2.765266
bonnie,3.7877304
boobs,3.7817611
book,3.504002
booker,4.1631314
booking,1.4966314
bookswithalettermissing,3.0783002
boom,3.8218838
boomer,6.4820072
booster,3.7887058
booths,4.1378365
booty,4.2245562
bopping,2.7738498
border,8.2132449
borders,9.1870252
bore,2.811895
bored,6.3938188
borg,4.3501926
boring,4.7348669
boris,7.7068804
borisjohnsonshouldnotbepm,4.9965057
borisorbust,4.3272454
born,5.2911847
bosnia,3.9211964
bosnian,3.8680941
boss,5.8655674
boston,2.6428253
both,3.9394806
bother,5.7756273
bottom,3.9386944
bounce,3.1704595
boundaries,7.1547082
bounty,4.2459674
bows,3.2345955
box,3.2321227
boxer,3.8772563
boxes,5.1634672
boy,-0.64032202
boycott,5.004034
boycottchinaflag,2.9901928
boycotting,5.4435634
boycottlevis,3.3609949
boyfriend,5.0605057
boys,2.9793238
bozo,2.5875935
bpd,1.4519918
bra,6.3001581
brad,4.9272163
brahmincal,3.6194691
braids,4.7411495
brain,5.1934946
braingainnewzealand,3.056747
brainless,5.7657964
brains,6.2502603
brainwashed,4.5420035
bread,4.8354341
break,5.1388429
breaking,3.7177667
breaks,5.3534188
breast,5.0452737
breath,6.0856326
breathes,7.9834543
bred,9.8116371
breed,7.9631731
breeding,4.9649855
breeds,6.5101234
breezy,4.2061657
breitbart,4.3527974
brendantevlin,4.6796945
brentwood,3.9989497
brethren,5.0815094
brexit,7.858504
brexitshambles,5.1225523
bri,7.7142924
bribed,6.2907613
bribery,4.1835103
bribing,4.5965626
bridge,6.095143
brilliant,7.5173412
bring,6.2950641
bringbackhangingfortreason,3.7744711
bringing,4.886544
brit,7.2506559
british,7.3773929
bro,6.3665488
broadcasting,4.3283807
brock,4.4633964
broke,4.3375135
broken,4.2929203
bronco,3.6838196
brooke,3.7922307
brother,6.1299447
brotherhood,4.215479
brothers,7.4489077
brought,3.4743484
brown,6.0772867
brownie,4.793224
brownies,7.0901821
bruises,5.3984393
brutal,4.6143463
brutally,5.5440086
bryant,5.026831
btw,1.5845385
bubonic,3.1154547
bucket,3.8873735
bucking,4.593441
bud,4.2183285
buddha,2.2931814
buddies,7.1524115
bugger,5.0921489
build,8.1348802
builders,8.7046079
building,5.4863318
builds,7.4333744
buildthatwall,8.8599182
buildthewall,9.032686
buildthewallnow,6.4749254
built,6.0915104
bukhara,2.4217106
bull,6.7088554
bullets,6.3274239
bullied,5.4239532
bullshit,4.491173
bully,6.2247233
bum,4.140305
bummer,5.7777565
bunch,2.2443905
bunt,1.4905066
burn,8.9327718
burned,5.7872052
burning,4.7537402
bury,5.0353754
bus,7.3642181
bush,4.4804841
business,6.1283343
bust,4.4698817
busy,3.8666144
but,-2.2442945
butch,1.3840218
butcher,3.4473054
butchery,2.096927
butt,2.885885
buy,3.239896
buying,2.6458749
by,6.9003892
bycottzomato,2.9745155
bye,3.678764
bypass,2.7853163
c,1.941821
cab,3.9761225
cache,2.2441725
cadet,5.4888757
cadetbonespurs,3.3122094
cadets,6.3589335
cage,6.0122967
cain,3.8931947
cake,5.2088379
cakes,6.5507872
calculated,4.5880277
cali,5.8473309
california,4.5743711
caliphate,5.7886503
call,5.7591902
called,7.6586484
caller,6.8482429
calling,2.5815012
calls,5.9651294
calm,3.5249082
came,4.101873
camels,5.089298
camera,5.3722744
camila,5.1097118
camp,4.6048018
campaign,3.8451679
campaigns,4.6681818
camps,4.9705274
campus,4.5607866
can,1.4267836
canada,6.0887124
canadahotels,4.2357258
canadians,6.890505
cancel,3.7842008
canceljewishpeople,3.965403
cancels,4.0020918
cancer,3.808789
candidate,4.1726679
candy,3.3367949
cannibals,4.8150911
cannoli,3.6329181
cannot,3.9968134
cant,7.6001288
cap,5.2206266
capital,4.5154091
capitol,3.0481226
capos,3.9811979
caption,6.0978039
captivity,4.3393485
capture,4.7113902
captured,5.6306115
car,3.1745699
cardi,3.6195102
cards,5.6022287
care,6.5208701
careful,6.1586538
careless,8.0069665
cares,7.2182826
caribbean,3.0354852
carmen,5.0431093
carolina,3.2756396
carried,5.5078322
carry,8.5764283
carrying,4.6417342
cars,4.526696
cartman,3.1884229
case,6.5881455
cases,6.993889
cash,5.2308374
cashier,5.2775256
casket,4.0663638
cast,4.703399
casual,4.0487604
cat,3.6051206
catch,3.4544343
catches,5.4546815
category,4.4378556
catfish,3.0897087
catfishing,2.7078001
cathy,4.1599557
caucasians,5.3584317
caucasoid,3.4520891
cause,0.50367293
causing,1.920074
cavalcade,3.7663426
cave,4.1091757
ccountingcake,3.7725561
cctv,1.8590397
cdu,2.1297238
ceasefire,3.3741626
celebrate,5.7599577
celebratory,4.4112996
celebrities,7.2552777
cell,6.5191097
cellphone,2.4514966
cells,5.6066843
censorship,4.8910267
centaurus,3.5910394
center,7.3373845
centertwice,4.3489333
centralparkfive,3.6407052
cents,9.0610243
ceremonies,5.2064952
certainly,3.8633021
certified,4.385022
chain,5.654746
chainsaw,3.7384446
chairman,4.9204023
chameleon,4.1483339
champagne,3.6954779
chance,4.0591517
chances,6.3276481
chandrakant,4.5332733
chang,6.2450657
change,6.5324621
changed,6.6805711
changes,7.2735176
channel,5.1005588
channing,4.8261653
chant,7.9342147
chanting,6.9983859
chaos,5.4832529
chapo,4.0224927
character,5.8086737
characters,6.6592719
charge,5.456323
charged,5.0216607
charges,6.3870112
charismatic,4.8063893
charlie,4.8479406
charlotte,4.2040122
charming,5.5602547
charred,6.4937547
chat,4.2539107
chatter,6.1054111
chauffeur,3.6328311
cheaplabour,4.40342
cheat,3.8879488
cheated,6.1876393
cheater,5.7777526
cheating,5.195005
cheats,5.3947426
check,5.3289145
checking,4.2470517
checks,5.1651991
cheeky,4.1718399
cheering,4.1418481
cheers,7.8394748
cheersclinking,2.8990983
cheese,5.8888427
chelsea,3.8658905
chemnitz,3.5633378
chemo,5.701419
chest,6.3456925
chewing,3.6190595
chic,7.3017547
chicago,5.481524
chick,4.8160213
chicken,4.4626262
chiefs,4.2073535
child,6.1271896
childbirth,4.3940977
childish,5.3884594
childrapecase,4.4790791
children,6.9808451
childsextrafficking,4.3772089
chillin,5.2368152
chilling,4.7629772
chimpanzee,3.8236392
chimps,5.7585128
china,4.76565
chinese,6.8594023
ching,2.8751245
chink,4.8747922
chinks,5.281124
chipping,4.5441242
chiral,5.5336966
chis,8.3861345
chloe,4.0307747
cho,7.2350881
choice,4.6735191
choices,6.2869088
choke,4.6545303
chong,4.060307
chongs,5.6273277
choose,6.2612854
choosing,3.8042052
chop,4.6110775
chops,4.9503388
chosen,6.5900282
chow,2.7465031
chris,6.1688106
christian,5.6354371
christians,7.0942516
christopher,5.1629148
chuck,3.7296174
chuckled,4.6299412
church,4.6735073
churches,5.8178277
cia,6.6426366
cigar,3.3559488
circle,4.365019
circulating,4.7483329
circumcision,4.10263
circus,4.8828153
cite,9.2994301
cities,10.627834
citizen,7.7880873
citizens,9.3171932
citizenship,6.7270135
city,6.4151805
civil,5.1133041
civilians,6.288633
civilized,4.9276725
ck,3.5830141
claim,5.531992
claimed,5.4069711
claiming,4.6499565
claire,4.7379496
clap,3.6975328
clapping,2.7365992
claps,3.7395078
clarified,4.9201943
clash,4.044022
class,4.2338796
classes,4.663335
classified,4.590005
classy,2.9763735
clause,2.0886813
clean,4.4760598
cleaner,5.5152727
cleansing,3.7027674
clear,2.7601591
clearly,3.2293737
cleats,5.625044
clenched,4.8744134
clergy,4.3035635
clerics,5.0665335
cleveland,3.4649528
cliff,2.5565425
clinton,2.3567594
clit,2.9588322
clock,4.2585364
clone,1.8684195
close,5.3372405
closed,5.7133224
closet,4.2268117
closetheborders,6.7094113
closethecampschina,3.5527501
clothe,3.3278956
clothes,6.0665437
clothing,0.86977094
clout,2.1394345
clowned,4.5146479
clownish,4.1917347
club,2.3556488
cnn,1.4577222
co,8.0061767
coach,3.6556338
coast,3.8444727
coat,3.4616751
cock,6.0238459
cocked,5.3679746
cockneys,3.3669495
cockroach,4.2639009
cockroaches,5.2235159
cocksucker,3.5459243
cocksucking,3.9692099
cod,4.6022277
code,4.7358036
coexistence,3.3904233
coffee,3.8682032
coke,3.8814575
cold,5.4432375
collateral,4.9099964
colleagues,5.5969268
college,6.7268085
colleges,7.2481967
collide,4.8759624
colluded,4.1839197
collusion,3.7069802
colonial,4.3217801
colonies,6.7884497
color,3.5549005
colorado,3.4418625
coloreds,4.5614754
colors,4.745431
combat,4.4059575
combatants,6.4770823
combo,4.8045433
come,9.1726681
comedy,6.3426583
comes,10.031572
comfortable,5.649742
coming,6.8826255
commanding,5.0229756
commence,5.1649943
comment,6.3543849
commented,7.4712451
comments,8.2473236
commit,7.0047784
commits,7.5234841
committed,6.5392994
common,7.3347165
communication,6.4474053
communism,5.4292184
communists,7.3691681
communities,7.5451688
community,6.8802679
comp,7.0391682
company,6.6818071
compare,6.5685145
compatible,5.9394383
compensation,6.0198464
complain,6.1748232
complained,6.6509067
complaining,4.9957862
complete,5.126774
completely,5.078324
complicityremigration,6.995581
comprising,5.0468991
compromise,5.009998
computer,5.5443728
comunists,7.4424889
con,5.3613828
concealed,3.6430486
conceived,3.5631559
concentrate,4.1071029
concentration,5.8664466
concepts,3.2814787
concern,1.6744598
concerned,1.7923467
condemn,4.5149797
condemning,3.9747109
condemns,4.9179613
conditions,6.6299049
condom,4.5287432
condone,3.1853745
condoning,3.7660168
confederate,4.9959647
conference,3.3267234
confess,5.4035863
confessed,4.8947051
confessions,5.4578054
confirm,3.978946
confirmed,4.7461612
confirmjudgekavanaugh,2.8027605
confusing,2.7284077
cong,4.0957169
congratulations,5.8763383
congress,6.0179347
congressman,3.8619579
congresswomen,5.3380798
connection,5.4430162
connor,2.9199292
conscience,3.8640273
consensual,5.102792
consequences,4.8788197
conservatism,6.326196
conservative,7.4828045
conservatives,8.1620731
considered,4.9866035
considering,3.9149789
conspiracy,4.6069201
conspirators,4.5742248
constant,5.9461482
constitution,4.5958453
constitutional,4.3159423
construction,4.5798177
consume,3.5995329
consumed,4.8616268
contact,5.4191897
contacts,5.7718467
contemplating,5.3517766
contempt,4.4495919
content,5.1389754
contest,5.7476106
continent,5.9598479
continue,6.0336896
continued,6.1937453
continues,6.7315596
contrast,4.1634229
control,4.7558294
controversy,5.7386746
conversation,5.8111414
convict,3.3966398
convicted,3.7114436
conviction,4.9190015
convince,1.7690666
conway,4.0570017
cook,3.6575028
cooker,4.3259135
cool,3.6624985
coons,6.9867264
coordinator,3.2730459
cop,5.6864437
coppers,6.9445929
cops,7.9134099
coptic,4.8774627
copying,3.1820662
corbyn,3.7345336
corker,4.6603811
cormacs,3.2470864
corn,6.4381779
corner,5.9079398
corpse,4.757218
correct,5.5508545
correcting,5.2316323
corrie,5.2603608
corrupt,5.3167753
corruption,6.4303861
corruptiongobewildinthewh,4.2365777
cory,6.275498
cost,4.9952103
costs,6.2033123
costume,2.3120236
could,8.36166
couldnt,4.7113285
count,6.1845613
counter,7.2390909
counterargument,4.740975
counterprotesters,5.5889444
countries,10.358094
country,7.3906611
county,6.0019416
couple,4.3710967
couples,5.4896192
course,4.8138677
court,4.7555676
cousin,4.0573766
cover,8.1064569
coverage,5.5420289
covered,6.8926325
covering,4.5058371
covert,6.2626444
cow,3.2650429
cowardincheif,3.5009068
cowards,6.1155761
coworkers,4.8336856
coyotes,6.3362397
cpc,1.6789306
cpr,1.7928647
cps,4.3136978
crab,3.4326699
crack,6.5148496
cracked,5.760004
cracker,5.5247382
crackers,6.9186427
craig,2.5088329
crannies,6.9268685
cranston,3.2713515
crap,3.8733574
crawling,2.1435669
crayons,5.061419
crazy,3.5342327
cream,3.7446403
create,6.0435289
created,6.2439548
creating,5.5157805
creature,4.8712102
credit,4.3501302
cretin,4.1463637
crew,2.6770592
crib,3.1680144
cricket,4.0707717
crime,1.9691607
crimes,4.7770367
criminal,4.9383232
criminalinchief,4.1021587
criminality,5.3425117
criminals,6.2930775
crippled,4.6118496
crisis,5.0810797
crispy,2.7345635
criticizing,3.820052
croatian,4.7828719
crooked,4.3388612
crooks,3.7827973
cropland,4.0717241
cross,7.2019049
crossed,6.1127832
crossing,4.5150246
crossings,5.4945378
crowbar,3.1546193
crowd,3.9818111
crowded,5.2797033
cruel,3.9199836
cruelty,3.6594329
cruise,4.1307722
crumbles,5.6061394
crush,4.2636238
crux,3.0169023
cry,4.1119851
crying,2.0328936
cuba,3.0608822
cuban,2.9970261
cuckolds,4.092326
cuddle,5.2417485
cuf,2.5951463
cuff,3.1716603
culprits,5.0578806
cult,5.9190509
cultural,5.0452924
culture,5.3280446
cultures,5.9145209
cum,5.0363493
cunnilingus,3.2843905
cunt,-1.0580618
cunts,4.4866016
cup,3.6346852
cupcake,2.971734
curb,3.9954253
cure,5.5370264
cures,7.1753607
curiosity,4.5651686
curious,5.7344568
current,4.4473937
curry,6.3685481
curtailing,2.921808
custody,4.6910851
customer,6.7014481
customs,5.0152031
cut,1.6459943
cute,4.7703833
cuts,5.844737
cutting,5.172983
cyclists,4.8894893
d,1.8617864
daca,4.9400737
dacha,3.8566756
dad,2.5896861
daft,2.1247552
daily,4.0447116
dak,2.6225085
dam,2.4183835
damage,5.4322102
damaged,5.2365635
damn,2.8455563
dan,2.7866747
dancer,3.3471276
dancing,3.1546389
dancingwoman,2.3254345
danger,7.1273196
dangerous,6.4858923
dare,6.1299577
darfur,3.0988127
dark,3.2033202
darkie,3.2254261
darkys,2.5145966
dat,1.5672583
database,4.8417795
date,6.3343755
dated,6.8772884
dates,8.6496083
dating,5.875701
daughter,4.7223858
daughters,5.9201794
dave,3.1328083
david,2.9771531
davis,3.7020287
dawgg,1.6003287
dawn,2.6672843
day,-0.66746505
dayana,3.1037886
daylights,2.5413657
days,4.0139913
dc,2.5976607
dd,1.7925212
dea,6.416712
dead,4.0282961
deadly,4.7901302
deal,6.9028079
dealing,4.6865086
deals,7.849196
dealt,6.0272285
dean,5.3709247
dear,2.7501877
death,6.2259549
deathwatch,3.1325864
debate,5.9031616
debit,3.9678609
debt,4.7778429
debunking,2.2660258
decade,5.8412225
deceitful,3.9450424
decent,5.0701145
decide,7.7700641
decided,6.423804
decides,7.8728726
deciding,4.9317496
decision,6.260515
decisive,4.7969034
declaration,7.4448671
declare,5.0907543
decry,5.3502443
deem,6.0272846
deep,6.2006536
deeper,6.2757003
deeply,4.826276
defeat,4.6070947
defend,9.4476218
defended,8.4130391
defendeurope,8.1667914
defending,6.8665099
defends,8.1613905
defense,7.840328
defined,6.6037248
definitely,5.4046433
definition,6.2132054
defund,6.6569274
degenerate,6.7330542
degenerates,7.844234
degree,4.5869549
degrees,5.9485864
deicing,4.2087329
del,8.2119317
delaying,2.4765688
delete,4.9321191
delhi,3.9432256
deliberate,5.7394991
delicious,4.967014
delight,2.5241133
deliver,7.0799266
deluded,4.5378346
delusional,4.0821437
delusions,4.8902903
dem,8.5671316
demagoguery,2.2822445
demand,4.8319718
demanded,5.649074
demands,4.9361357
dementeddonald,5.0653748
dementedinchief,4.8494171
democracy,6.2810226
democrat,5.5423698
democratic,6.5635129
democrats,7.0258177
demographic,5.2430611
demographics,4.9610994
demons,7.5693495
demonstrate,5.163418
demonstrators,4.5412606
dems,5.7701364
den,9.8066477
denial,4.219248
denmark,5.0642059
denounce,4.0095325
dense,7.9917727
density,6.2388561
denying,3.2827583
departure,5.2224107
depend,6.3847938
depends,6.0830879
deplorable,4.8193581
deploy,4.9764486
deport,11.643431
deportafricanfreeloaders,6.5833504
deportafricanmigrants,9.1476525
deportafricanrefugees,8.085832
deportation,10.330726
deportationsequalpublicsafety,6.140994
deported,8.4783052
deportillegalfamiliestogether,7.9137619
deportmuslimfreeloaders,6.4407037
deportmuslimmigrants,9.648987
deportthemall,10.02745
deportthemigrants,11.152226
depot,6.6619894
depraved,5.2339676
depressed,5.883686
depression,6.155477
deputy,5.1019519
derangeddonald,4.8545599
derogate,5.5219127
descendants,7.0149925
described,5.741625
description,5.3971552
dese,11.591722
desert,9.4227959
deserve,13.387023
deserved,10.970465
deserves,11.34708
designated,5.4799988
desire,5.1567152
desires,6.2473981
desk,6.5321247
desolation,7.3462467
despicable,5.335659
despise,5.4741773
despite,7.8997635
destabilized,6.3111439
destroy,6.1263844
destroyed,6.3727647
destroying,5.151144
destroys,5.9401963
destruction,6.1792149
detached,4.5313075
details,4.7463486
detain,4.1802545
detained,5.6374
detector,3.8223738
detention,6.0813315
determination,7.2890589
determine,6.0466189
detroit,4.3223109
devastation,7.1127091
develop,5.2382722
devil,6.2549176
devoured,6.2214223
devout,3.6015509
dhaka,3.0411762
dharma,3.7374669
dhikkar,2.2577104
dhonikeepbalidaanbadgeglove,3.4999231
dhonikeepstheglove,5.4174147
dhonikeeptheglove,5.2409241
dhonikesaathdesh,3.4328584
dhoti,3.7055256
dhow,1.2839373
dhs,4.8251829
diam,5.5651266
diaper,5.6111845
dick,4.6214221
dickey,3.8184682
dickhead,4.2587028
dickheads,5.0447124
dicks,5.023698
dictator,3.6951351
dictionary,5.6215655
did,5.498327
didi,4.8494738
didn,4.3735551
didnt,3.9719281
die,14.195951
died,7.834669
diego,5.1176958
dies,14.009888
difference,3.9385907
different,4.4635815
differentiate,4.9223443
differently,4.7172372
difficult,5.0522129
dig,6.2104343
diggers,7.8229987
dignity,6.9689874
dime,3.4406956
diminish,4.4488457
dinner,5.4760221
diplomat,3.0120794
direct,7.3466189
directly,6.8855983
dirt,4.9841978
dirty,4.020387
dirtying,2.5056466
disabled,6.9877425
disagree,4.8320137
disagreed,5.6403152
disarm,5.7251571
disaster,5.4648734
discount,5.4029025
discredit,5.1608031
discuss,5.6312721
discussing,4.133233
discussion,5.5673269
disease,6.2557536
disgrace,4.8042694
disgraceful,5.2567181
disguise,6.5865902
disgust,8.4472155
disgusted,7.6270177
disgusting,8.973342
dishonest,5.873084
dislike,4.9452267
disliking,4.0589643
disloyal,5.4830601
disobeying,4.2581504
disobeys,5.0879529
disorder,7.6335338
disowned,5.7847305
dispel,6.3267794
dispicable,5.3758437
displaced,6.1286566
display,5.6440516
disposed,7.6760414
disrespecting,5.3471287
dissed,7.5590536
distinction,5.9969785
distinguish,5.5841688
distraction,5.9889801
disturbs,5.271855
ditchmitch,2.0780552
diversion,7.370366
diversity,7.2784328
diversityisourstrength,4.0634858
divert,6.8521758
divided,5.8559794
division,5.7628597
divisive,4.5024267
dizzy,3.259536
dj,2.0567952
dna,4.8775512
do,1.4899236
doc,1.5131884
doctor,0.83970415
doctors,1.8611243
doctorsunderoppression,3.7692899
documenting,5.413611
dodger,5.3032785
does,6.6285242
doesn,2.7283637
dog,1.4316832
doggy,2.1152806
dogs,3.9720013
doguturkistandazulumvar,2.7974482
dogwhoreowner,2.6673246
doing,1.3713142
doj,2.6031671
doll,3.9735565
dollars,3.3741099
dolores,4.402619
domain,3.9677968
domestic,6.3690939
domesticated,6.6497622
domicile,4.593018
dominated,6.819474
don,2.1171048
donald,4.2811714
donation,7.5017011
done,0.62815832
dongs,4.0951389
dont,3.1547679
door,1.4462002
doors,3.2394801
doreen,2.6208438
dorms,3.8920966
dos,3.5668929
dossier,4.7410937
dot,2.5747787
double,1.824003
doubles,3.9919802
doubt,1.8589122
doubts,3.3775496
douche,2.0258272
douchebag,2.5139578
douchebags,2.8747047
dove,4.3652038
down,6.8859348
downgraded,4.6885731
downplaying,2.7345597
doyourjob,3.499188
doyourjobmitch,2.7743444
dozen,4.067882
dracula,3.7714713
draft,4.4256295
draftdodgersayswhat,3.3660698
drag,4.1577408
dragged,4.9474473
dragon,3.5704622
drain,5.0689085
draintheswamp,4.706811
dream,4.0663967
dreamboat,2.6610209
dreamer,6.3030802
dreamers,7.1737954
dreaming,4.0789111
dreams,4.0547094
dressed,5.6309889
drifter,4.358737
drink,3.5962792
drinking,1.8500596
dripped,5.6271217
drive,5.01398
drivebymedia,3.3145088
driver,6.7074352
driving,2.7280654
drones,6.0975398
drop,5.1952852
dropped,6.0717953
drops,5.4786578
drove,5.2055592
drown,5.2815587
drowns,5.2650134
drug,4.9086352
drugs,5.4880083
drummed,4.7016746
drums,3.5530495
drunk,4.3038987
du,3.6914957
dual,4.9536391
dub,2.5583145
duck,3.4309253
dude,3.9752114
dudes,6.4255154
duh,2.0296233
dumb,1.6450233
dumbass,3.3318356
dumbest,3.2799067
dummy,3.5068216
dump,1.571724
dumped,4.0527593
dunking,1.5015601
duplicitous,3.7438359
durgamandir,3.0103086
during,3.2795981
dust,3.7681963
duty,3.7171271
dwarf,2.7002694
dwindling,2.9232494
dying,2.1209432
dyke,2.9445763
dykes,5.0954241
dylan,2.6014588
e,0.96880421
each,1.5230057
earlier,3.829144
early,3.1854759
ears,1.6906992
earth,4.6974733
easier,6.1225671
easily,6.1437124
east,5.1721278
eastern,4.4423721
eastturkistan,4.193186
easy,6.242328
eat,4.556227
eaters,8.5097957
eating,6.1228034
ebola,3.7780353
ec,2.8156743
ecofeminists,5.7047818
ecological,4.2547439
economic,4.9941265
economics,4.4736846
economy,4.4766586
ecosystem,3.1994314
eddiegallagher,4.7789111
edge,5.807734
edict,3.4386159
edited,5.5919145
eduardo,3.1970077
educatedindia,4.6091126
educating,4.9889023
education,6.5803684
eff,2.5678693
effective,4.9113881
effort,5.0071487
eg,3.5055063
egos,2.9689142
egotistical,3.7627327
egypt,5.0671353
egyptians,6.5799935
eight,1.1129971
einstein,3.6215804
either,6.7912906
ek,2.6124904
elaborate,4.2852879
elderly,3.6249094
elect,7.2872384
elected,6.4730616
election,6.8138421
elections,7.3188357
electrify,4.3751366
element,5.602767
eli,3.9194488
elimination,6.6707612
elitist,4.3388816
ellison,2.6940197
else,4.269901
em,6.7006274
email,5.2594667
emailed,5.3478079
emails,5.3155746
embarrassment,4.6544168
embarrassments,5.6930843
emboldened,4.2937064
embolism,4.5282801
embrace,3.0939211
eminem,5.1611867
eminent,5.1475398
emm,4.1633981
emmanuel,3.4691453
emoluments,5.9414286
emotional,5.1632903
empire,3.4126533
employed,5.3471446
employee,4.6149966
employees,5.9055489
employers,6.414197
empty,3.9512231
en,10.060306
encounter,5.2961783
encounters,6.3030905
encourage,3.7517275
encouragement,3.8539407
encroached,5.0356404
encroachment,4.6603163
encroachments,5.8543699
end,7.7996645
endanger,7.3566842
endangered,6.5565485
endbirthrightcitizenshipforillegalaliens,6.1283259
endchainmigration,8.4746007
ended,7.4620966
endemic,5.4905352
endenforceddisappearances,4.2813122
ending,5.676328
endless,8.4075041
endlotteryvisas,3.8788947
endorse,4.1005652
endorsement,4.1371872
endorsing,3.5182144
ends,7.5597709
endsanctuarycities,5.7201009
enemy,4.7780857
enemyofamerica,5.6556878
enemyoftheconstitution,4.1623864
enemyofthepeople,5.645326
enemyofthestate,5.2522775
enforcement,5.6211532
enforceuslaws,4.4578456
engage,5.3885723
engaged,5.3532945
engagement,4.5626686
england,4.2238743
english,4.5659777
enjoying,2.5545179
enough,5.708514
enrages,5.6606154
enriched,4.4806997
enter,9.0398708
entered,7.8044654
entering,5.5515025
entire,5.7377515
entitled,5.824318
entitlement,5.10774
envelopes,4.6311805
envious,5.3747529
environmentalism,3.7913069
eon,3.5526561
epa,3.2184448
equal,4.9426821
equality,5.432041
equivalency,3.9886191
era,4.2933611
eradicate,4.8247667
erase,4.9254154
erasing,3.7860985
erdf,2.9311588
eric,5.5964929
eritrea,3.5080189
ernesto,4.5549665
errors,4.5037173
escaped,4.8504224
escaping,2.8509047
eskimo,2.1825341
especially,5.5151096
esquivel,3.3691669
essay,3.5908519
essentially,5.2494899
est,6.8508787
establishments,5.4750969
etc,4.3558666
eternity,5.6364404
ethic,4.3605806
ethically,5.4666664
ethics,3.9402574
ethiopia,3.7118118
ethnic,4.0708556
etsy,3.2227243
eu,5.9851623
europe,10.314213
euthanize,4.4530407
evangelical,4.0050155
even,4.3883665
event,4.458935
events,7.1974729
eventually,5.1948243
ever,10.469897
every,4.8764228
everybody,5.3727365
everyday,3.625804
everyone,7.2701386
everything,3.0523949
everywhere,3.3469184
evidence,2.9277663
evident,2.5845098
evil,3.5871326
evils,4.2023331
ew,0.85553008
ewk,1.3644965
ex,4.0949595
exact,4.7468197
exactly,4.4712395
exam,3.532481
example,4.499097
examples,5.3754119
except,4.861572
exception,5.3969496
exceptional,4.9219966
excitement,4.6331447
exclamation,5.8694593
excuse,3.8234594
executed,3.8218011
executing,3.3120875
execution,4.23986
exiled,5.1918044
exist,4.6794315
existed,5.2790342
existence,3.9390295
existent,4.2352176
exit,6.2870464
exolselcaday,2.7343386
expand,3.9142014
expect,5.9324008
expected,5.7352448
expecting,5.260078
expel,4.4127371
expels,4.5998196
expensive,3.5019693
experience,4.4397399
experiences,5.4179081
explain,5.6340578
explains,6.1489886
explanations,7.4094679
expletives,5.6768406
exploitation,6.0176247
explore,2.8855155
explosion,4.9834164
exposed,6.7503197
exposes,6.744214
express,6.6704795
expressed,5.4204833
expressionless,5.5212244
expropriation,5.6357425
extending,4.412854
exterminate,5.8154266
external,4.0833361
extra,4.4063016
extract,5.2143138
extreme,4.2121119
extremely,4.7772416
extremist,4.6237924
extremists,6.2360747
eye,3.7379778
eyeball,4.776113
eyed,4.9994594
eyes,4.8432518
f,2.0856549
fa,3.9259604
fabric,4.1462537
fabricated,6.0512451
face,-2.188422
facebook,2.2037119
faced,3.7252861
faceloudly,2.2540016
facepalming,2.8007597
facepensive,2.0865458
faces,4.5085081
facilitate,4.7423767
facilities,6.4339767
facing,3.1125827
fact,4.8174027
faction,5.7334377
factory,3.6419587
facts,5.3678898
factsmatterthe,3.3582926
fag,2.7263121
faggot,1.7959228
faggots,3.4481751
fags,5.1258995
fail,3.7634619
failed,4.6889779
failing,2.8991327
failure,3.1616849
fair,3.9625871
fairness,4.8226743
fairy,3.6945025
faith,3.609486
fake,2.9053979
fakedonaldtrump,1.9863143
fakes,5.3911056
fall,7.2477292
fallen,5.580376
false,4.2443792
falsely,4.8462982
falsified,4.1459039
fam,4.6881468
fame,3.3778584
familesbelongtogether,6.0914716
families,9.6204854
familiesbelongtogether,6.7511843
familiesbelongtogethermarch,6.0841866
family,6.4364604
famines,7.1950394
fan,2.8398825
fanboy,1.2979344
fandom,3.5811773
fans,6.4307034
far,3.4294181
farm,3.948293
farmers,6.3086191
farming,5.3502479
fart,3.8335934
fascism,3.8373382
fascist,3.802831
fascists,6.0528029
fashion,4.2727869
fast,3.2955098
fasten,3.3534613
faster,3.7604104
fat,0.21045562
fatal,3.6062843
father,5.9336538
fathers,7.2231266
fathom,3.8034721
fatorangefuck,3.3022662
fatso,2.3153425
fault,3.9782151
faults,5.2536523
faulty,3.8941685
faux,2.9171302
favor,3.6121786
favorable,3.6838874
favorite,5.4074945
fawn,2.5936188
fbi,3.3085113
fcc,2.8347094
fear,1.1037826
feared,5.0970976
fears,1.5018908
feature,4.4832874
feces,5.752422
feckless,4.7635203
federal,5.3109283
feds,5.5004451
feed,7.2401179
feeding,4.090331
feeds,5.5062577
feel,2.6636041
feeling,2.6240027
feelings,3.9498663
feels,3.5167556
fell,5.9054975
fella,4.2961412
fellow,4.0623865
felons,5.8613732
felony,4.246757
female,5.0953387
females,6.6366428
feminazi,4.5222926
feminazis,5.1173953
feminism,4.8338844
feminist,4.7353143
feminists,7.2485583
fen,6.24011
fentanyl,3.8716872
feral,4.9875074
ferguson,3.3354245
fergusonriot,3.1627591
fervently,4.9925909
feudal,3.0776731
few,1.5160298
fff,2.1426958
fiance,3.2093208
fight,2.0192264
fightback,6.340835
fighter,5.49252
fighters,6.7479431
fighting,4.6628323
fights,4.8787329
figure,4.5165533
figures,5.3910004
filing,3.2225635
fill,8.7865602
filled,9.1105282
filly,7.3016383
film,3.5047386
filth,5.2768327
filthy,3.7822281
fin,5.2042829
finalist,5.2814464
finally,6.4723663
finance,4.0328673
financial,4.835804
financiers,5.8911717
find,6.6994606
fine,6.3781203
fines,8.4306374
finestbitch,2.2975203
finger,8.5333301
fingers,8.9857261
finish,4.9340137
finished,4.7732949
fire,6.216796
firekushner,4.4685559
firing,3.1493295
firmly,4.5986595
first,6.809909
fish,4.284697
fist,3.4139586
fit,5.1357757
fitting,5.1234312
fix,2.7274397
fkk,3.6772965
fl,3.0569128
flag,1.5905167
flagged,3.8426412
flags,3.3698566
flap,2.7982822
flares,5.8151658
flat,1.9078442
flea,3.8753005
fled,7.1834686
flee,5.4278436
fleeing,3.4142347
flexed,4.1957691
flight,0.79280837
flimsy,3.1809328
flinging,2.923452
flipped,4.964203
flipthesenate,4.9401263
flirt,2.5734025
floated,4.6069303
flock,4.254485
flooding,3.0620527
floor,0.73291291
florida,4.5704691
flouting,4.0194119
flow,3.1988929
flu,3.1086813
fluent,3.7444661
fluffy,2.1622187
flushed,3.6444413
flushthetoilet,3.4371283
fly,5.4100465
flying,0.35880854
focus,4.7411569
focussing,2.6797651
foh,3.3467447
foil,3.749738
fold,5.399853
folded,5.315081
foley,3.660581
folks,4.9807618
follow,4.323165
followed,6.0395828
follower,5.140373
followers,5.9448721
following,3.9485268
fomenting,6.4812676
food,4.8987816
fool,3.8050105
foot,5.0603452
football,4.591476
for,0.89326253
forbid,3.3794364
force,5.3076998
forced,6.4791076
forcefully,5.0331281
forces,7.1122515
ford,5.5020967
forehead,3.896644
foreign,4.6834258
foreigner,5.30065
foreigners,6.227806
forever,8.2702722
forget,5.9572748
forgetting,5.519438
forgive,3.9271226
forgotten,4.498552
form,5.231777
former,6.154939
forms,5.6854511
formulations,6.6223626
forth,8.1593712
forward,4.6412807
fossa,3.2904874
fought,2.0411559
foul,3.7890818
found,7.4141218
foundation,7.3012424
founders,8.9043166
four,3.8939402
fox,3.7733199
fraction,6.2224787
framed,5.5620683
france,4.9524784
francisco,4.3173722
frank,5.6268948
frankel,4.9657827
fraud,5.1447816
frc,3.8552652
freak,5.3579454
freaked,5.6731989
freaks,5.4452551
freddie,6.4315946
free,7.7447252
freebalochistan,4.8130296
freed,9.1371446
freedom,6.6701956
freedomofpress,5.3545103
freeourfuture,4.3241062
freestyles,6.3479363
freethekids,6.115407
freeuyghur,3.9650736
french,7.0765633
frenchman,5.2345933
frequent,4.02239
frequently,4.3422555
freshman,4.4294046
fridayfeeling,2.8745623
friend,6.1886813
friendly,5.7820254
friends,6.2926781
fries,10.918776
fro,7.9828472
from,8.5658338
front,5.7570226
frontage,5.0079596
frown,6.0525185
froze,4.1571168
frump,1.3296446
fta,2.722454
fuck,0.27736486
fuckamerica,5.6137669
fuckdonaldtrump,1.6580221
fucked,3.8486507
fucker,3.3098429
fuckers,5.4639519
fuckhead,3.0736573
fuckin,4.1999833
fucking,4.9769843
fucks,3.4749939
fuckthegop,4.119998
fuckthepolice,4.0570831
fucktrumpmiddle,3.0272321
fug,4.1039794
fugly,4.4971006
full,4.7382201
fully,5.3800152
fun,3.4969963
fund,6.079637
fundamentalists,5.5497835
funded,6.1128015
funding,4.688463
funds,5.5633492
funeral,4.0046346
funky,3.3505036
funniest,5.0207241
funny,4.1295482
further,5.1273666
furthering,3.6922394
furthers,6.3401395
fuss,3.3676562
future,4.6555157
fuuucckk,1.932112
fuzzy,2.3413276
fyi,1.7526638
gals,9.1044287
game,2.7210505
gamedthesystem,3.7371772
gamers,7.9341676
gandhi,3.4412589
gandhian,3.8809291
gang,5.2769893
gangs,5.6996076
gangster,4.363751
garb,3.9587965
garbage,6.282668
garcia,4.3156417
garvey,3.4234571
gate,7.2489288
gates,9.3082721
gathering,4.3183262
gave,2.9192305
gay,2.9054802
gays,5.4303061
gaza,2.5639838
gb,2.4467269
gdn,2.8071193
gdp,3.3588049
ge,10.819527
geek,4.3271388
general,6.1904614
generali,5.8845945
generally,6.4812922
generation,8.9706935
generations,8.9168177
genetically,6.0469789
genitals,5.9517572
genocide,10.962035
gentlemen,5.6356559
genuine,5.3186831
genuinely,4.7279399
george,5.5290019
german,5.9960364
germans,6.9106093
germany,7.1771604
get,8.6899135
getafe,3.7592318
gets,8.5101671
getter,5.81518
getting,5.9501016
ghetto,4.2351
ghettos,3.6278448
ghost,3.748674
ghosts,5.318342
gi,3.2636808
giant,5.0321988
giants,7.1462615
gibbets,4.0532823
gigs,4.4147992
gino,3.011413
ginormous,4.4496393
girl,1.2591767
girlfriend,5.0262976
girlfriends,4.9854629
girls,3.6281414
give,2.7063918
given,3.1466168
gives,6.207257
giving,2.0920346
gizmo,3.5487445
glad,4.7525312
gladly,4.9728179
glam,3.1267031
glasses,4.726021
glee,4.7935399
gleeful,4.3630955
glitter,4.5090497
gloat,2.405822
global,5.1458515
globalist,4.6085525
glorious,4.9267189
gloves,9.0063324
gnostic,3.0549324
go,8.3717013
goals,5.8219168
goblin,3.104174
god,3.2522973
goddam,3.9636336
goddamn,4.0439368
godmother,3.7184271
gods,5.404241
goes,7.1513073
going,6.8381866
gold,5.9786747
goldman,3.8006376
golf,4.6384763
gone,3.6385596
good,3.9562203
goofball,4.20905
goofy,3.083781
google,3.5455848
goon,4.4793505
goons,6.7564124
goose,5.8704041
gop,6.3845296
gopcomplicittraitors,2.3395803
gopcoverup,3.8595597
gopwaronwomen,4.8793525
gordon,3.5460635
gorillas,5.6352487
got,3.480479
gotta,4.5607821
gotten,5.2020157
governance,4.5152348
government,6.4736859
governmental,5.7239379
governments,7.6227106
governor,5.7763418
governors,6.7046225
govt,5.6681703
gpo,2.3827365
gq,1.8425133
grab,4.8400891
grabber,5.1053372
grabbing,4.478187
grace,3.1222832
grad,5.0404917
grade,6.2828225
graduation,6.3209534
grammatical,4.4621426
grand,6.4032824
granddad,3.8503366
grandeur,4.9105299
grandma,4.6164875
grandmother,4.510816
grandmothers,5.4610806
grandpa,4.5398629
grandparents,5.8589599
grapes,6.3698368
grassroots,4.5248134
grave,4.5882053
gray,4.9541976
great,5.3654063
greed,7.091477
greedy,3.9640389
greek,4.4721643
green,4.6331341
gregory,3.7990403
grimacing,2.713981
grinning,2.6286345
grip,3.2189698
ground,8.3187184
grounds,6.7316686
group,4.1363105
groupie,3.4417009
grow,2.2445766
growled,4.8495465
grown,4.8483857
gs,5.3670534
gtfohwoman,1.7994375
gucci,3.336934
guess,3.4072867
guest,3.4873044
guests,5.3299054
guilt,3.1639557
guilty,3.1381648
gulling,1.7219961
gun,2.9245058
guns,5.7284214
gush,3.9361401
guts,5.0029136
gutter,3.4935657
guy,0.8159148
guys,3.8351459
gym,4.4801987
gypos,4.7751414
gypsies,7.1499076
gypzies,5.8900806
h,2.4050147
ha,-1.7442421
habitually,3.972367
hacking,3.6922441
had,0.29118995
hadar,1.4168015
hag,-0.32876125
hague,2.4409076
hah,-0.11885049
haha,-0.22784626
hahaha,0.96816293
hahahahahahaha,1.9533205
hahahahahahahahahahahaha,2.2271105
hail,2.9353101
hailed,4.0577792
hair,2.7908668
hairstyle,3.0765914
haiti,2.4650456
halal,3.5025526
halala,2.5978681
half,2.1019683
hallo,3.8477097
halloween,4.2452342
halted,3.5840354
hand,-1.299903
handbook,0.93404793
handed,3.2614111
handful,1.3107772
handicapped,3.3925259
handle,2.2789904
handled,3.0006143
handler,2.8333668
handling,1.2238089
hands,1.0347831
hang,3.3032808
hanger,5.5356962
hanging,2.908919
hangover,5.7308089
hanson,1.6187229
happen,1.2892473
happened,1.8839729
happening,1.4745443
happens,2.7815732
happiness,4.0386951
happy,-0.87501585
happyjohnmccainday,1.8860366
haram,2.4530595
harass,3.2556868
harassed,4.1221421
harassing,3.0430226
harassment,4.0489273
harbinger,4.406503
harbor,1.5233752
hard,0.72138295
hardly,2.8664867
hardy,2.490311
hared,5.5507942
harm,2.475057
harmonic,3.2256826
harpreet,2.9023712
harrowing,2.7383403
harry,6.1677535
hartcelleract,3.6191244
harvey,2.7236468
has,-0.81612641
hashtags,2.5138343
hasnt,0.84070163
hat,-1.3569679
hate,3.3675928
hatecrimeinindia,3.572324
hateful,4.6250298
haters,7.2992594
hates,8.2477129
hating,5.4071898
hatred,4.7198253
haul,0.85297672
have,-1.0041315
haven,1.3665759
having,1.7602431
hayden,2.1832873
hayseed,3.2255189
he,1.6221324
head,4.7972122
headed,6.3282589
heading,4.3023471
heads,6.5646198
headshot,4.103484
heady,3.9512079
health,5.2544018
healthcare,3.9983873
healthy,4.7158734
hear,0.36654372
heard,1.1695131
hearings,3.4012875
heart,1.6297137
heartbroken,2.2646723
hearts,3.551374
hearty,2.3795468
heat,3.1776601
heated,6.3175744
heck,3.6619683
height,2.4840489
heinous,5.2770616
heir,6.1312103
held,7.5596887
helicopter,4.5134759
hell,10.111638
hellawaitstrump,2.2969237
hellhole,4.5938683
hello,6.3194419
help,7.0002764
helped,6.3901689
helper,6.5809005
helping,4.6009672
hen,3.6706395
henchmen,3.9317621
her,6.6932682
here,2.0621658
hero,3.8905448
heroes,4.9909708
herself,6.350139
herzegovina,2.7469694
hes,8.8951842
hesitate,4.6020432
hesitation,6.5262208
hesthefuckingdevil,4.2381445
hey,3.9627812
hhs,3.2236525
hi,6.5495828
hiccup,3.538467
hick,3.5537742
hicks,4.2996396
hidden,4.2413561
hide,8.0617422
hideout,3.6154096
hiding,4.5685512
high,3.4996297
highcrimesandmisdemeanors,3.0382414
highest,4.5109689
highway,3.7242178
hijab,4.4015373
hijabs,4.8891498
hijackers,5.9143376
hill,8.4178225
hillary,4.4752149
him,7.5949576
himself,6.4224827
hindi,5.3584971
hindu,5.117379
hinduphobic,3.7408243
hindus,5.4213511
hip,6.0878746
hippopotamus,4.0225302
hiragana,4.6185931
hire,5.8902482
hired,6.9070821
hiring,3.0803132
his,9.6107943
hispanic,4.310808
historical,5.7164471
history,5.1282828
hit,5.4393738
hitler,6.1327457
hitman,3.9849678
hitting,6.113391
hm,2.689354
hmm,4.4293693
hmmm,3.0610769
ho,1.8959248
hoax,1.6461164
hobby,2.4441115
hockey,2.4180144
hoe,-1.3944975
hoes,4.4620072
hohhot,2.1822164
hoist,2.7171872
hold,5.1939611
holder,6.1053871
holding,3.2435183
hole,4.0845025
holes,6.6882284
holiday,2.7845157
holidays,3.5483633
holiest,5.7666325
holleringgggggg,2.6626612
hollers,6.9643028
holley,4.2357108
hollow,3.5588933
home,5.0703544
homeboy,2.4823827
homeland,4.4828152
homeless,7.7505199
homelessness,5.7727054
homes,7.4952588
homestead,4.2315517
homicide,5.0435262
homicides,5.454178
homophobic,3.8127906
homosexual,4.2861795
homosexuals,4.7026937
honda,3.7005606
honest,4.3013118
honestly,3.8749751
honey,1.7251762
honor,2.4734673
honorary,3.2244923
honoring,3.3124543
hood,3.4669836
hooking,0.80629532
hop,0.98720096
hope,3.637635
hoped,4.9108253
hopeful,3.8663981
hoping,1.2836824
hordes,6.1581297
horn,3.2407582
horns,2.9152431
horny,1.6898451
horrible,4.2901726
horses,4.3565182
hospital,4.3328443
hospitals,5.0450656
host,3.7841508
hosting,4.7822324
hot,2.6335918
hotel,3.5444636
hotness,5.2239766
hourglass,3.1557454
hours,4.9472829
house,4.8230933
households,3.9587213
houses,6.2540338
housewives,5.4032295
housing,3.8659215
how,-3.2824259
however,5.8479961
http,1.5668071
huddle,5.6478505
huds,5.6533131
huffpost,2.9861716
huge,5.9746063
hugging,1.9770858
hugs,5.1978025
huh,3.1547908
hulk,3.8887944
hull,5.4059714
hum,5.2227696
human,4.8867141
humane,4.2762029
humanist,4.6912078
humanity,6.1699796
humankind,3.8244112
humans,6.20572
hume,3.3649937
humorisaweapon,3.8846667
humphrey,2.2589697
hundred,5.58615
hundreds,4.7630028
hung,3.7325477
hungary,4.0515968
hunt,1.9296627
hunted,5.4006083
hunters,6.6926333
hunting,4.6848508
hurricane,4.635248
hurried,4.6503157
hurt,4.5097515
hurting,4.7933576
hurts,5.4679705
husband,3.6602633
hussein,2.3107192
hustler,4.6035258
hydrants,6.9233141
hype,2.937094
hypocrisy,3.4492478
hypocrites,5.5273985
hypocritical,4.4411212
hysterical,3.5262812
i,9.5988585
ian,4.9502207
ias,2.4350358
ib,2.5514456
icc,2.7775795
ice,4.4035008
iceberg,3.1863823
ices,8.25035
icon,2.9835627
id,2.9322252
idea,4.1837607
ideal,4.9639865
ideas,4.2763973
identify,3.6545067
identity,4.7615984
ideologies,5.820732
idiocy,3.2932678
idiot,3.5535884
idiotic,4.5262642
idiots,4.7186488
idler,4.9812106
ids,6.7222055
if,3.9039357
ignorance,3.0514784
ignorant,4.6882498
ignore,2.9757246
ignored,5.1341836
ignores,5.0069483
ihatewome,4.0278062
iiam,2.3401531
ill,16.409702
illegal,17.407466
illegalalieninvasion,8.8676256
illegally,13.786015
illegals,15.355303
illegitimate,7.9242786
illiberal,6.0761607
illigal,7.0464155
illness,7.8447413
illuminati,5.297674
illustrating,5.5643062
im,5.8639368
imagine,4.2379017
imbeciles,5.2564994
imf,4.5779763
immature,4.6508548
immediate,6.6519441
immediately,6.6488939
immerse,6.7561876
immigrant,11.648578
immigrants,13.009248
immigration,12.118816
immoral,4.9399125
immorality,5.2748885
impeach,0.065754003
impeachdonaldtrump,1.2959829
impeachdonaldtrumpnow,1.5756523
impeachment,2.3814691
impeachmenthearingsnow,2.5567542
impeachmentinquirynow,2.0380661
impeachthemf,3.005222
impeachthemftraitor,1.296702
impeachtrumpnow,0.59041553
implores,4.8137235
implying,1.2943117
importance,4.3587712
important,6.4302689
imported,5.7083391
importing,6.0534583
impossible,5.7147888
imprison,3.6465244
imprisonment,4.1399782
improve,4.4809867
imran,4.7484226
imranhataomulkbachao,3.9237576
imrankhanprimeminister,3.2947817
imtalkingaboutadude,1.7657009
in,2.8172593
inadvertently,4.7998496
inane,4.8077061
inbox,4.5408563
inbred,5.9671458
incapacitated,5.2824861
incarcerated,5.1019284
inch,5.6680766
incident,3.8242847
incite,7.3273878
including,4.6094393
income,6.3082048
incoming,5.5819904
incompatible,5.201247
incompetent,3.488132
inconsistency,3.6393349
incorrect,4.5398298
increase,5.4184928
increased,5.6986366
incredible,5.2714169
indeed,7.2407269
indefinite,5.8941659
independence,4.948462
index,5.7828801
india,9.0816334
indiaflag,4.0754695
indian,7.8448069
indiana,7.5732789
indians,9.6329447
indias,6.2899255
indiavspak,4.1062796
indiavspakistan,5.2149377
indication,7.7660446
indict,5.8405049
indictmentsarecoming,4.5400918
indigenous,6.4393998
indira,5.5539091
indiscriminate,5.714094
individual,4.6501957
industry,4.6268184
inec,6.1381303
ineligible,4.8911194
inequality,5.7509956
inevitable,4.8853199
infant,6.0389926
infected,6.472121
inferior,7.370514
infested,6.7034204
infidels,4.6408549
infiltrate,5.2624993
infiltrators,4.6179249
infinitely,5.8166918
infinitum,4.521917
influence,4.8328908
influences,5.8820395
influx,5.2663069
info,7.4925988
information,8.0388429
informing,7.8536418
infuriated,5.7704982
ingrates,9.3244673
inhaling,4.001752
inherent,4.1558736
inherently,4.5186998
inhuman,4.2805043
initially,6.0958602
injections,6.4172862
injure,4.0854158
inn,6.4305044
innocent,5.1725732
innocents,6.7416881
inoffensive,3.8459482
insane,4.3067223
insect,6.7946859
insecure,5.025042
inserting,6.0040214
inshallah,4.8547078
inside,6.1862304
insist,4.0898845
insisting,5.0725313
inspired,5.2962842
instagram,4.2082468
instance,4.0966246
instant,6.8626785
instantly,6.0274327
instead,4.4267223
instigated,5.7271265
instilled,6.5623293
insult,4.9575207
insulting,5.1106494
insults,5.9264666
integrity,5.1075836
intellect,6.6338468
intellects,6.7449991
intellectual,5.8180025
intellectually,6.1980583
intelligence,4.1762997
intelligent,4.429727
intention,6.7105246
intentions,7.1313737
interacted,6.1078018
intercourse,4.593979
interest,6.0598152
interested,6.1926551
interests,6.9041485
interference,4.0708751
international,7.0641856
interrogating,5.3344208
interrogation,6.7549312
intimidate,5.0210647
into,7.2263347
intolerance,4.1278796
intolerant,5.6507165
introduce,4.1139121
intruder,5.4391464
invade,6.6845934
invader,7.4254668
invaders,8.3852828
invading,5.1405317
invalid,5.6815746
invasion,8.7873601
invented,6.7061097
investigate,6.2532262
invitation,7.8648995
invite,7.9606775
invited,7.0043543
invites,8.0586586
involved,6.3711293
ioc,2.8004716
iowa,2.4931662
iphone,1.7811968
iq,1.6071137
iran,4.4332937
iranian,5.1839487
iraq,6.3214596
iraqi,4.0978608
irish,4.7820113
iron,2.9123453
irrelevant,4.6434705
irresponsible,4.5801687
is,9.1041462
ishutdown,3.537192
isil,4.3476079
isis,6.2210259
islam,2.7809751
islamic,4.1136502
islamist,3.7427585
islamistheproblem,3.2576519
islamization,5.6816062
islamophobic,3.3089275
islands,2.847922
isn,2.8752583
isnt,2.2969372
israel,4.930003
israeli,4.2106105
issue,3.8873764
issues,4.9614632
istandwithnrs,3.901526
it,5.5699186
italian,5.434278
italians,7.0308359
italy,5.3693021
itll,4.5378831
its,8.9071207
itself,5.4648265
itsokaytobewhite,6.1901356
itsoktobewhite,7.1228018
ive,6.1765383
j,2.1851317
ja,4.7570198
jab,4.808286
jacee,3.5045103
jacked,6.0799817
jacket,4.9963264
jacob,3.4211521
jai,5.3524341
jail,5.928433
jaishreeram,3.6930779
jamaica,4.8800033
jamalkhashoggi,3.7596057
james,6.7845014
jamie,4.5586559
jams,4.9199731
jane,4.0257111
janelle,5.0678713
janna,4.0759701
japan,4.4707225
japanese,6.0228618
japs,5.1761723
jarvis,3.3961277
jay,3.9683785
je,4.0666915
jealous,5.7772366
jeezy,2.8936558
jennie,3.9805142
jeopardy,3.9795246
jeremykyle,2.6069292
jerk,3.5076325
jerks,3.8173646
jerri,3.4997434
jersey,4.3643776
jessewatters,5.194621
jesus,5.459382
jete,4.4562869
jew,3.8936914
jewish,4.1181441
jews,4.3949617
jhugis,3.7068558
jihad,6.4716959
jihadis,5.626997
jihadist,4.865027
jihads,6.1853508
jinks,3.7348508
jo,3.7427764
joanna,3.0474655
job,5.4864535
jobless,6.6535751
jobs,6.0766295
joe,2.8256678
jogger,5.4674053
john,2.5470902
johnmcainday,2.392415
johnmccainamericanhero,4.4603442
johnmccainday,3.0155312
johnson,3.4054334
join,3.4999472
joined,5.6366672
joint,2.4997522
joke,2.9183881
joking,1.0059717
jones,6.0787098
jong,2.067003
jonica,3.582974
joost,3.0616453
jordan,3.6209069
jordanians,5.8517158
jose,6.4156216
josevski,2.8288505
journalist,4.9096597
journalists,6.4506537
journos,4.3797993
joy,0.51623585
jr,2.6892541
judge,5.7734982
judgement,4.671466
judgmental,3.9173111
juice,3.906192
jump,2.7370926
jumping,3.1367764
jumps,3.7482019
jumpskizie,2.8730741
jungle,5.5497774
junior,4.4294311
juniordoctorsunity,3.5805278
junk,3.7060881
jury,3.5829558
just,2.360743
justice,4.7673078
justiceforgudiya,3.1936398
justiceforkatie,3.8680514
justiceforthekids,5.2981015
justicefortwinkle,4.2875564
justicefortwinklesharma,4.0148728
justify,2.4609358
justifying,2.2772092
justin,4.3484993
k,2.5916752
kalergiplan,3.8927369
kali,5.1916031
kanji,2.4204866
kara,3.8622808
kardashian,3.6862303
karen,5.4673795
karma,4.6631013
karmaiscomingforyou,3.8641737
karo,4.3380965
karyakartas,2.5716012
kasai,2.87239
kashdoll,2.9628465
kashmir,3.4473226
kate,5.9905851
kathuarapeverdict,3.8692153
kathuaverdict,3.6116843
kathy,3.7618926
katina,4.9510965
kavanaugh,3.2926488
ke,5.9207694
keen,5.0082199
keep,7.6782939
keepamericanssafe,7.2926175
keepamericanssafenowhere,5.7226093
keepamericanssafethis,6.7611707
keepamericasafe,7.2512284
keepamericasafeillegal,8.8948217
keeping,5.0595473
keeps,7.0939424
kelly,5.0331488
kendall,5.8629148
kenny,3.5836528
kept,5.9653136
keri,4.8399778
kerr,3.3083242
kerry,5.4408671
keto,3.9134843
key,5.3449913
keyboard,3.4230268
keynote,4.1263528
khan,3.4425643
khashoggi,3.6281436
khloe,2.8752254
khz,2.7629109
kia,7.5808535
kick,5.5737984
kicking,4.7957381
kid,5.8476291
kidding,4.7824488
kidnap,5.5715971
kidnapping,4.4473661
kids,9.2152484
kike,4.060893
kill,19.638246
killed,13.998739
killer,12.872914
killers,12.829703
killing,7.6374312
killingeve,6.9346141
kills,11.938589
kim,6.4829153
kin,4.4877299
kind,4.8664495
kindly,5.0718516
kindness,5.2416741
kinds,5.2108172
king,3.8196886
kink,4.1324276
kiss,5.9303033
kissed,5.7241254
kissing,3.9764057
kitchen,3.2454757
kitchens,4.8111085
kite,9.5675824
kitty,5.3762343
kkk,5.4068623
kkkrumpnazi,1.8259365
knee,3.6363526
knees,6.1041087
knew,1.9749575
knock,4.3238413
knot,2.9339295
know,-0.51142549
knowing,2.470547
knowledge,5.7141966
known,4.1862078
knows,2.2994518
knuckle,2.8379205
koala,3.234812
koi,2.4362181
kolkata,5.3927722
koran,3.3170447
korean,3.07708
kosher,4.2434352
koshies,6.431434
krishan,3.0899488
kruger,4.9453617
ktakef,3.4517731
kus,6.3415437
kush,4.1545154
kutupalong,2.4759737
kuw,1.4043115
kyle,3.3729034
kylie,3.8247979
kylies,7.0063836
kyrgyzstan,2.9668755
l,2.7301783
la,5.6840842
lab,3.8898444
labor,3.7645024
lack,5.9614336
lad,4.5963213
laden,5.8250422
ladies,8.1322961
lady,2.4444204
ladylike,1.507805
lailatulqadr,2.1249544
lair,4.5709571
lairs,4.8042351
lake,5.2500765
lakewood,2.7282501
lakh,2.9567187
lame,2.1838945
lamicopyright,2.8289977
lamphbia,2.856219
land,3.9546143
lane,3.6739621
lanes,6.829423
language,5.2800656
languages,5.7620576
laplace,3.3792238
laptop,3.277963
lara,3.7519523
larders,7.9760119
large,4.8219054
larry,7.8884305
lashkaretaiba,3.3769587
last,3.63885
lastly,4.0440278
late,6.8621298
lately,6.6306875
later,6.8403811
latest,5.9760742
latin,6.3440924
latino,5.3619725
latinos,5.006145
latter,5.4516385
laugh,2.8758473
laughed,3.9589457
laughing,0.79315757
laughoutloud,2.5354744
laughs,2.6046739
launderer,5.194827
laurel,2.7475707
laurels,3.0722003
lauren,3.7833884
law,3.8884153
lawandorder,5.1863804
laws,4.8442183
lawsuit,3.6271423
lawyer,4.1817609
lawyers,5.7051521
lax,2.3367318
lay,4.3129025
lazy,2.3273756
lbs,3.8933651
le,12.168547
leader,8.0773252
leaders,9.0841008
leaf,4.6711109
leaking,3.2959389
leaning,4.7367189
learn,4.6390762
learned,4.4611906
least,5.8035493
leave,5.4064087
leaved,7.1752852
leaving,4.0902239
lebron,4.3222762
led,11.607868
leeds,5.9450113
left,5.3596809
leftist,3.5938643
leftists,5.7848082
leg,6.2352434
legal,12.382912
legally,9.6414209
legislator,3.4216296
legitimate,5.2030128
legs,6.4910729
leicester,4.4522978
lekin,2.1025966
lemonade,4.7015084
lenient,3.4410836
lenin,3.7221077
lennon,3.2318411
leprechaun,3.1051236
les,14.126915
lesbian,4.4595166
lesbians,6.1531386
less,11.235292
lesser,7.7113443
lesson,4.4368017
lessons,6.0932998
let,9.8387057
lets,8.7167954
letter,6.4321027
letterman,4.9460574
letters,7.7998297
letting,6.3675714
level,5.4152221
levis,4.0039245
lfc,1.6986542
liable,3.9981552
liar,1.0620928
liarinchief,3.1529475
liars,2.4811093
lib,1.8636564
liberal,4.2226651
liberals,5.1990842
liberate,5.5034772
liberty,4.0686347
library,2.765069
libya,3.9199902
lice,3.8572768
lick,2.3048056
licked,3.8892263
licking,3.3450674
lie,4.9765599
lied,5.3342544
lies,9.0405183
life,5.1698681
lifes,6.6600508
lifestyle,4.8006171
lifetime,3.24493
light,-1.0716965
lights,2.4873074
like,-0.94659026
liked,2.7666215
likely,2.7898479
likes,3.488087
liking,0.90528459
limit,3.72809
line,2.7792462
lingual,3.3159269
link,2.4717104
linked,3.7086829
links,3.0570269
lionbridge,4.032097
lions,7.6432479
lips,2.9579169
lipstick,2.0262443
list,3.4210904
listen,3.8753086
listened,4.3191541
lister,4.1277726
literal,3.6753473
literally,4.5560465
little,0.5704155
live,5.4050838
lived,6.035797
lives,7.8254227
lividdddd,2.3746563
living,2.4387047
ll,6.3850982
lmao,4.2540392
lmaoooooo,4.084422
lmaoooooooooooo,5.4045618
load,3.7644022
loaded,5.366116
loaf,2.5432371
local,4.1546362
locked,4.9371315
lockthefuckerupnow,3.3280765
lockthemallup,6.3905838
lockthemup,6.9369784
lockup,3.3640909
lodi,3.0337587
log,3.0436331
logo,2.6304045
lois,4.2816131
lol,2.2296565
london,3.3721338
lonely,3.7487049
long,2.4595894
longer,5.6790078
longs,5.0513279
look,1.642713
looked,3.3398266
looking,0.32378877
looks,2.34219
loolookske,2.0411511
loose,5.3066304
loot,5.0545195
lord,3.6972115
los,4.2213164
lose,6.575467
loser,6.8560489
losing,2.9896686
lost,3.7955982
lot,3.3328635
lots,5.848486
loud,3.8847321
loudly,3.3232874
louisivillians,5.5318258
lousy,3.8941538
love,5.457307
loved,6.7786344
loveitorleaveit,3.5451959
lovely,5.4083476
lover,8.8595694
lovers,9.5411044
loves,11.896649
loving,2.9216042
low,3.3447671
lower,5.4675427
lowest,4.3988672
lowlife,4.405745
loyal,4.974774
loyalest,4.3707918
lsd,2.2064129
lube,3.3667134
lucid,3.2075591
lucifer,4.1737303
luck,2.9025732
lucky,3.0711584
luka,2.8912744
luke,2.8015201
lunch,2.3273081
lure,3.7243092
lured,5.9559803
lying,-0.99211811
lynch,3.4127921
lynching,2.5102284
lyric,4.0964529
lyrics,3.7239307
lzzzzzzzz,3.0588141
m,1.8949339
maam,3.541433
maccabees,4.3038018
machete,3.9437819
machine,4.4538319
machines,5.890346
macron,4.0310246
mad,5.6375767
made,6.4307615
madeira,4.0268037
madrassas,3.5996243
maga,8.3733399
magaveteran,4.1761933
magazine,4.5623598
maid,4.7866279
maiduguri,4.5369614
mail,6.2556309
mailbombed,3.6851662
maim,5.550386
main,5.6491864
maintaining,3.2467056
maintains,4.2492825
major,3.177288
majority,5.1851809
make,6.979085
makeamericaamericaagain,5.6928026
makechildrenworkagain,3.6208089
maker,6.1301235
makes,7.3870509
makeup,6.2950944
making,1.6689231
malala,4.6973748
malaria,5.7174674
malaysian,5.7518302
male,6.8167142
males,8.7464653
malik,5.0517393
mama,7.163272
mamata,5.3595884
mamatabanerjee,4.8654628
mamatakaterror,4.2412581
mamie,5.3189418
man,4.34486
managed,5.7728064
manager,6.3749792
manchester,4.7245586
mane,5.1682153
manifesting,5.4702414
manifesto,4.7889906
mankind,4.0866951
manner,5.8020459
mans,8.3440177
many,8.8834091
marathi,6.0469894
maraud,5.8609444
marco,5.7251629
marcus,6.2566914
mark,7.3508686
markbathompson,3.6780738
markdouble,3.4829187
market,5.5902922
markstopwatchalarm,3.7818874
marquita,4.1814779
marriage,6.2833744
married,7.4720846
marry,14.405127
marrying,7.18671
mars,7.6061091
marshals,5.7229978
marxism,4.9160343
marxist,5.0482359
mary,7.6248742
mascot,3.9389933
mask,3.3056151
mass,5.1665195
massacre,4.1889979
massacred,5.4693384
massive,3.9476485
master,3.9319141
masturbate,3.8955159
masturbation,5.6615867
mat,3.0193927
match,2.926571
matching,1.8895916
mate,6.6603613
materials,5.6325828
mathura,3.4802582
matt,4.0601917
matter,4.966544
matters,6.7864449
max,4.6485246
maya,5.9171211
maybe,4.8582026
mayor,4.5177159
mayors,5.895178
mbs,4.5300399
mccainsaheroday,2.7730753
mcconnellchaocorruption,3.7041685
mcgann,3.2360027
mcjob,3.1715562
me,-1.3869237
meals,6.1604311
mean,2.9251908
meaning,3.5198414
means,4.7603239
meant,5.0379696
meat,3.2400736
medal,3.1985196
meddle,5.2552147
media,4.8707807
mediabiasthe,3.2834585
medical,2.646031
medicare,3.7326049
medicine,3.2886369
mediocre,3.1800362
mediterranean,4.0347678
medium,3.5575263
meds,5.5430449
meet,3.9631239
megan,4.1948659
melanie,4.5540592
mellon,3.6310165
member,6.1602578
members,6.9022847
meme,2.2288216
memes,5.7367129
memorial,4.8774493
memory,4.4790698
men,7.6578526
mental,4.4925068
mentality,5.2059433
mentally,5.6218296
mention,7.3468793
mentioning,5.5812066
mentions,7.7638411
merciful,4.1015446
mere,4.7421694
merge,5.7800061
merit,6.2078483
merkel,4.2331304
mess,6.8772302
message,4.6782839
messages,5.4038621
messed,5.3980349
messiah,3.170947
messy,2.8590418
met,4.6426586
metaphorically,4.4795347
meth,3.3291271
method,3.4478855
methodology,2.9300389
metro,4.2200041
mexican,5.2364256
mexicans,6.6868529
mexico,7.0347773
miami,4.3030067
miamis,5.2503917
mic,7.9366748
michael,4.6392731
michaelhosang,3.5781616
microdick,3.2269808
mid,6.4567792
middle,8.4689037
midget,4.9376453
might,4.092843
migrant,12.867382
migrants,14.498816
migration,12.996315
mike,3.328722
milan,5.6991538
mile,6.7577369
miley,4.9733676
military,5.8483318
miller,10.189451
million,9.0833866
millionaire,6.534716
millions,9.6709014
milllion,6.8780864
milo,5.1351245
milton,3.6322724
mind,6.528265
mindless,7.3595127
minds,6.2293047
mine,7.3089212
mines,9.1551174
mini,3.991262
miniskirts,4.1267687
minister,5.3311031
minor,3.7999706
minorities,7.6731898
minors,5.2697491
minster,5.3470757
minute,4.5041465
mira,5.3849576
mirror,4.3905355
miserable,4.8652903
misogynistic,3.4657914
miss,6.0460527
missed,5.6775828
mississippi,3.2761786
misspelled,4.9832288
mistake,6.069107
mistakes,6.4538114
mistreat,3.9692817
mitch,2.8222105
mitchmustresign,2.4306355
mites,10.090152
mix,4.2488399
mixed,6.2848826
mla,2.6117762
mlk,3.7363435
mm,2.9897432
mmyfthe,3.0551871
mo,5.4972635
mob,4.4749509
mobbing,4.871656
mode,5.7011745
model,4.4077333
moderate,6.2255716
modern,4.9147541
modi,5.1288895
modiexposespak,3.9028431
modikayaar,3.256054
modiscotoughtalk,3.2625715
moe,2.9009258
mohamad,4.3394116
mohamed,4.7853103
mohammad,2.8933028
mohammed,4.5116044
molar,4.173094
molestation,7.0225964
molested,4.78788
mollie,4.0076512
molly,4.5856121
mom,1.8243329
moment,5.9995776
momma,2.5099895
moms,2.2774219
monarchists,6.5774783
mondrian,4.3044316
money,3.6429605
monger,6.7773387
mongol,4.3387071
mongoloid,3.52178
mongols,4.75915
monk,5.2530321
monkey,4.1772735
monkeys,4.3014987
monopolize,3.9755557
monopoly,4.06815
monotones,4.4764581
monster,5.6495848
monsters,7.2351383
month,5.7411939
months,5.5756118
mood,3.7599953
moon,4.3126133
moral,4.5451908
morally,5.3440941
morals,5.3536099
more,2.4316777
morning,3.6047101
moron,2.9263024
morons,5.5313577
morris,4.449312
mosley,3.6486159
mosque,3.5554738
mosques,5.1545642
mossad,3.7929715
most,4.5382368
mostly,4.3057983
mother,5.0596652
motherfucker,3.0237723
motherless,5.0420539
mothers,6.8437015
motivated,5.2396553
motivates,5.9667022
motive,5.3305316
mount,3.3931772
mouth,3.4673052
move,6.5897154
movement,5.7282926
movements,7.2733843
movie,4.3081196
moving,3.2372093
mp,3.2676214
mr,2.8342561
mrtenpercent,2.681009
ms,5.7526304
msd,2.4884889
msm,3.5440033
msnbc,2.4390405
mtg,1.5543245
much,4.8716019
muck,5.1925519
mudslime,3.6812515
mueller,6.4913168
muellerscoming,5.1946969
muhammad,2.9376475
mujhe,2.7628934
mulattoes,5.2900013
mule,6.0988564
multicultural,4.9387827
multiple,5.6286598
mum,5.169594
mumbai,3.9238222
mumble,5.1912838
munchers,6.0181723
munt,3.3430885
murder,10.071998
murdered,8.1334691
murderer,7.4403396
murderers,8.2138933
murdering,6.2374204
murderous,7.5910778
murders,10.481333
murshidabad,3.8652771
mushroom,4.5538244
muslim,10.177336
muslims,10.471627
muslimsociety,7.2317664
mussies,8.1478521
must,7.948741
mutate,5.8858857
mutilate,4.7720844
mutilation,6.7517478
mutts,5.9887364
mutual,5.2983013
muzzie,4.9241549
muzzles,5.5035793
my,5.7598203
myanmar,4.4422109
myanmargenocide,6.8173368
myself,7.0448457
myth,3.2043628
n,2.516436
nadu,3.0642765
nagar,2.6398767
nail,3.920084
nailed,4.5279716
naive,4.2296885
naked,4.6440581
nam,2.4632359
name,1.3397636
named,4.6871381
namely,3.8396551
names,5.3361004
namibian,3.1525217
naming,3.6225559
nasa,2.2815368
nastiest,4.5110846
nasty,2.2191619
nation,10.081867
national,7.5827062
nationalities,8.4636274
nationality,7.367526
nationaljohnmccainday,4.0057784
nationals,8.235172
nations,9.6782292
native,7.1756805
natives,8.5235004
naturally,6.1458432
nature,5.764602
naughty,3.427517
nauseated,3.419062
nauseous,3.0283375
navy,3.7360586
nazi,2.396369
nazis,4.4164285
nbs,3.3383834
ndtv,1.9949418
near,1.8210978
nearest,4.6789764
nearly,3.0487376
necessarily,4.4279418
necessary,4.4039284
neck,4.4962415
need,8.7517875
needed,6.1772601
needs,7.7828052
negative,6.2265562
neglect,4.888141
neglected,5.0335028
negotiating,4.3536969
negra,4.0193196
neighbor,3.5626606
neighborhood,3.2281568
neighboring,3.7544296
neighbors,4.2955209
neil,3.9772521
neocons,4.8671441
neophilia,4.5862791
neowwwww,2.3373378
nerf,4.0889937
nero,4.475957
nerve,7.7808037
nest,7.8072477
net,6.3836184
network,3.462229
networks,3.3810506
neutral,2.7100942
never,10.54687
neverforgetbenghazi,5.020577
neverwonafight,3.2853905
neville,7.369136
new,2.3399051
newark,3.7467415
newk,2.6144403
newly,4.0437125
newman,2.9906276
news,2.1309474
newsroom,2.8411324
newsworthy,3.5130183
next,4.7207312
nfc,2.7429495
nhs,3.1775941
nia,7.3100073
nice,3.9624873
nicer,5.3227073
nicest,4.8838316
nicki,3.6105183
nicolas,5.8524733
nicolebrownsimpson,3.7583691
niece,1.1953306
nigera,3.7655524
nigeria,5.7387241
nigerian,5.1086264
nigga,2.9185115
niggahs,3.374584
niggas,3.7500276
niggaz,3.0579103
nigger,6.381155
niggers,7.6455986
night,1.7397399
nightmare,3.6263823
nighttttttttttttttttt,3.231304
niglets,5.039936
nigs,4.8883909
nikki,3.2463353
nina,4.2858307
nine,5.6819406
nitesh,5.6252436
nizamuddin,3.228988
nnamdi,2.121381
no,2.836529
noaa,5.9356455
noamnestyever,6.9979743
nobody,5.2037756
nodacadeal,3.7870359
noguncontrol,2.8561987
nohr,2.8796302
noiranwar,2.6290472
noise,3.8795773
nominated,6.262875
nominee,4.6473488
nomoredeaths,3.9991357
nomoregunviolence,3.4236755
nomoretrump,1.7724433
nomorewars,3.5569089
non,5.2283911
nonbelievers,6.2447382
none,2.9551766
nonsense,6.4125373
nonsensical,4.9165809
nonwhites,7.8999883
nooneisabovethelaw,3.7115733
nooo,2.988846
nope,5.1238109
nor,2.5409393
normal,4.1624458
north,6.3817551
northeast,6.022861
northern,6.2254994
northwestern,4.6184561
nose,6.1133438
not,3.9570622
notable,4.6906301
notallrefugeesarewelcomehere,4.8454785
note,6.6169705
nothing,0.74966527
notice,4.6565778
notmypresident,2.2184335
notothewall,5.4239778
novena,3.3362228
now,-1.6327534
np,1.4311062
nra,2.1424361
nrc,1.9521084
nrcforsecureindia,3.8014138
nrs,4.9628666
nudes,6.3288202
numb,3.4374677
number,6.6027022
nun,2.7885253
nunki,3.5962213
nuns,5.0347522
nut,1.8002361
nuts,5.9198895
nutted,4.7961841
nyhitsradio,2.7274773
nz,4.3452082
o,2.9941242
oak,3.6211228
oakland,2.8177778
oakville,5.8090806
oasis,3.6591388
oath,4.6550236
obama,3.082598
obamadinajad,3.0650063
obamas,2.6513011
obliteration,6.6238353
oboe,2.789855
obs,5.5020889
observations,7.4089771
obsessed,5.3737594
obstruction,4.1382749
obstructionists,5.217716
obstructionofjustice,3.4244219
obtained,4.0206692
obvious,4.8873546
obviously,4.0311442
occupant,4.8118188
occupation,6.5112778
occupying,2.8652353
occurs,4.1238506
oclock,3.3109607
ocular,3.6708129
odds,3.7143746
odor,2.5628172
of,11.111525
off,1.552784
offend,6.0798565
offended,6.2963585
offensive,4.2553017
offer,6.1836836
office,5.7118951
officer,6.0242737
officers,7.0675472
official,5.6684122
officially,6.2385576
officials,6.141867
often,5.0069944
ogling,1.8245699
oh,1.3338962
ohio,3.3004086
oil,3.2608969
oj,2.3798942
ok,0.5708309
okay,3.3464259
okayyy,1.8765834
old,3.8530921
older,6.9397233
oldmenwithpens,4.1225377
ole,4.9405971
olives,6.4720961
omar,3.4489503
omega,4.7344085
on,-2.0088427
once,0.47301977
one,-0.79135861
oneida,2.8221974
ones,6.7613648
ongoing,3.7658167
online,3.4489221
only,6.3425442
onlyattheducksgame,2.9833813
ontario,3.8813214
onthehunt,3.1752772
onto,3.8220951
ooh,2.5807799
oooh,2.9615022
op,4.2386002
open,5.2515409
openbordersforisrael,4.809471
opened,4.9022032
opener,5.3641464
openly,4.3051583
openness,5.1568246
opens,6.735416
operating,5.9248356
operatives,7.2968279
operators,4.8870223
opinion,4.2759259
opinions,5.4903656
opp,2.4649035
opponents,5.1008156
opportunity,6.2506051
oppose,5.4420122
opposite,5.133294
opposition,5.3623668
option,6.2053185
or,0.60405402
orange,5.5582675
oranges,6.4853186
orban,3.7247729
orbn,2.8062372
order,8.730622
ordered,6.9055553
ordinary,3.7938542
ordure,3.6307862
organisations,6.3140068
organization,6.1337804
organizations,6.3515804
organizers,5.8848185
orgasm,3.6598997
origin,4.4488657
original,4.6226639
originated,5.8326314
orwell,4.1728053
other,7.4856722
others,8.8633872
otherwise,4.8559642
otto,4.6125359
oui,1.9279939
our,5.8394716
ours,6.0975587
ourselves,7.8543305
out,-2.3013133
outbreaks,2.913858
outlying,0.054032876
outnumbered,4.3882305
outside,3.2510445
outstandingly,3.9751235
outta,3.7093473
ovaries,6.9701692
over,11.257371
overall,7.2376945
overconfident,3.4357387
overcrowded,5.2208544
overdoses,6.5871456
overheard,3.5884996
overload,4.6244914
overnight,3.7114375
overstays,7.1506288
overwhelming,4.9186999
own,6.7704299
owner,5.8700443
owners,7.0669119
owns,5.8346526
ozzie,3.4841293
pack,7.2241801
package,5.0536672
packed,5.9557256
padilla,4.4348278
page,5.7404182
pageant,4.2391797
pages,7.2579453
paid,3.5907594
pain,4.9892923
pains,6.2097065
paintmelikeoneofyourfrenchgirls,3.1493147
pair,5.0707413
paisawapiskarchor,2.3619279
pak,6.2384342
paki,6.375911
pakis,6.6816167
pakistan,7.3109996
pakistani,6.9650916
pakistanis,7.7352776
pakvsindia,4.2633572
palace,3.1089266
pale,6.3160545
palestine,7.0665016
pandemic,4.4425099
panic,5.5098124
pantheon,5.9850126
panthers,8.3720674
panties,9.0519436
papers,7.1200903
par,4.4073115
paracetamol,3.436485
parasite,5.9531195
parasites,6.3329116
parent,4.7677502
parental,4.3594152
parents,7.3225839
paris,5.7440549
parisattacks,5.8522519
park,4.3468281
parkland,3.2825709
parler,4.7949755
parliament,3.809245
parodies,6.884571
part,4.4072601
participate,4.7405094
participated,5.0548529
particular,4.64846
particularly,4.8120598
partner,4.642677
party,4.6974637
partying,2.665591
pas,5.6648195
pashtun,3.1868328
pass,5.6022309
passed,5.9671088
passport,6.0908722
past,4.8186436
pastime,3.0017677
pastor,3.3786324
pasture,5.0674068
patent,5.1534728
path,5.8536534
pathetic,5.1995483
pathological,4.3044954
patients,6.6593308
patriarchy,3.9296639
patriotic,5.2197872
patriotism,4.5247381
patrol,4.0371829
patterns,4.7807473
pauline,3.4318149
pavements,6.5005822
paving,3.2484339
paw,3.8373498
pax,4.0497489
pay,4.8743881
paying,2.162429
payment,4.4898311
payments,6.4776633
pays,5.3927495
pc,1.8846018
pd,2.6393152
pdj,2.6708931
pea,4.6909327
peace,2.1250997
peaceful,3.8771191
peanut,3.1626506
peanuts,4.7416613
pearl,1.4869995
pedophile,3.8677416
pedophiles,5.3111051
peeks,4.2037969
peeps,5.3751133
pelosi,3.9415363
pen,6.3029633
penalty,3.8705443
penetration,6.6827429
penis,5.17432
pennsylvania,3.2098945
pensive,3.4695824
pentagon,3.3265539
people,10.688708
pepper,5.0615647
per,11.060854
perceived,4.9771613
perception,5.3051619
perfect,4.5665163
perfectly,4.4881498
performance,3.6918732
performed,5.1280493
perhaps,3.6700676
period,4.2958657
permission,5.3306461
permitted,5.3257477
perpetrators,4.7243519
perpetuate,4.95701
perpetuating,5.2242269
persecuted,5.2029571
persevering,4.4707249
person,4.0563396
personal,4.3166928
personality,4.9080522
personally,5.0045222
persons,5.8563732
perspective,5.6782449
perversion,6.4306551
pest,5.5613706
pests,7.06141
pet,6.7427445
peta,3.6491662
pets,7.9766311
pettiest,5.6641859
petty,4.5861198
pfft,3.0192018
phase,4.078379
philosophical,2.8077282
phils,4.088866
phobia,3.9054551
phone,1.9897551
photo,3.7398429
photographers,4.7308557
photos,3.3589074
phrase,3.9866201
physical,3.9856425
physically,5.0661132
pi,3.6733097
pianokalergi,3.7613927
pick,2.927743
picking,3.5227028
picture,4.2133791
pictures,4.8055825
piece,-0.32019699
pieces,3.7536432
piercing,2.7972166
pig,2.9401958
pigeons,4.8734074
piggy,2.6897441
pigs,5.05528
pile,3.2418548
pilgrimage,3.143575
pilot,3.7206066
pilots,4.7885123
pimp,3.1771305
pimped,4.6069592
pineapple,4.2177966
piracy,4.7593239
pirates,7.899683
piss,3.5971192
pisses,4.238399
pissing,2.9759067
pistol,3.1720961
pitbull,4.1820399
pits,7.3514984
pitt,3.7616798
pizza,3.0998933
pizzagateisreal,2.7477489
pj,3.6351716
pkk,3.4236539
place,4.0468175
places,6.540601
plague,4.6978176
plagues,5.7781612
plan,4.8934338
plane,4.2154706
planes,6.5376202
planet,4.2020892
planned,5.3781865
planning,4.0831286
plant,6.8367129
planted,6.9920717
plants,8.6874159
plastic,4.1943573
plate,6.8498352
platform,4.1841912
play,4.7421309
players,7.1957754
playful,3.7637206
playing,2.6140525
plays,5.4710095
pleasant,4.795436
please,5.0189213
pledge,5.8997496
plonker,3.352861
plug,3.3426173
plumage,4.2711718
plus,4.1256108
pluto,3.9225711
pm,3.660204
poaching,2.1576851
pocahontas,2.896212
poets,5.2875823
point,1.4006495
pointed,4.8161155
pointing,4.1049112
points,5.2345004
poison,2.8535814
poisoning,3.2261345
pol,6.7395476
poland,5.4095922
polarizing,3.8044727
poles,8.4088221
police,5.9991403
policeman,4.8379259
policemen,5.9358686
policies,7.6474819
policy,5.0776937
polio,5.5711313
polish,6.232652
political,6.320538
politically,6.8366017
politician,5.5757862
politicians,6.5247505
politics,6.3328557
polls,5.8807363
pollutants,5.3779691
pompous,4.8049916
pool,3.8922447
poor,1.6665367
pop,5.0700779
popcorn,3.5568115
popped,5.9235212
pops,5.7665577
population,6.56943
populations,6.7369417
populists,5.3803999
porcupine,4.0176003
pork,4.413398
portray,5.6079344
pos,6.4418072
poses,8.163451
posh,3.7843521
position,6.4121912
positive,5.613122
possible,6.6345992
possibly,5.6509988
post,4.1843305
posted,4.1630405
posting,4.697747
postrump,0.28592004
posts,5.4493786
potential,4.7872455
potholes,5.9215427
potus,5.7530089
pounds,6.1521076
poured,6.7605209
pouring,4.207351
pourquoi,3.1237637
pouting,4.1754464
poverty,6.9037966
powder,5.4563972
power,5.8938065
pp,3.0212835
ppi,2.6850103
practice,5.2738536
practiced,6.0110754
practices,6.4091523
practicing,4.4123049
praise,4.3851789
pray,4.0212074
prc,3.8505565
pre,6.3173308
preach,2.833279
predator,3.7538163
prefer,6.2657912
preferably,4.4795695
preferring,3.9905679
pregnancy,5.250292
pregnant,6.4187914
prejudice,3.4434624
premises,5.8389591
prepare,5.3659012
presence,4.9670507
present,5.5586131
presentation,7.203521
presented,6.6728689
preserve,9.0896249
president,2.3283952
presidential,3.3705885
presidents,4.4652549
press,8.1249285
pressed,6.0431582
presser,6.4246504
pressure,4.7464543
prestigious,5.2348391
pretend,4.041767
pretending,4.0102356
pretenses,5.2530541
pretentious,4.4159358
preterit,4.3882719
pretty,4.3287458
prevent,5.4489242
preventable,5.2631993
preventing,6.0133756
previous,5.3200546
price,4.6629184
prick,3.5868642
pride,6.3966516
priest,6.6846184
primates,6.5771665
prime,3.0823277
prince,1.9455054
princess,4.1253911
print,2.9360024
prints,5.922775
prior,4.4365051
prison,4.2080074
prisoner,4.4876034
prisoners,5.3922705
private,4.1671784
privilege,4.2362567
pro,9.0898469
probably,4.0025067
problem,2.8517279
problematic,3.7185867
problems,3.1602009
proceed,4.966494
processing,3.5292737
produce,5.061493
productive,5.3603328
products,6.0760421
profession,6.1548559
professional,5.6464703
professor,5.0694492
profile,4.1616046
profit,4.8419668
profits,5.6206881
program,5.6120755
programs,5.5699218
progress,6.9606817
progressive,5.2496699
project,5.035836
prominent,5.1244948
promise,5.261458
promises,5.9114964
promote,5.9192048
promoted,5.9512152
promoting,5.4236398
promotion,6.4876506
prompted,5.5799501
pronounce,3.8578342
proof,5.2149876
propaganda,4.9365466
propagate,5.4641232
proper,7.8840157
properties,7.3284471
property,5.8228192
prophets,5.8598313
proposed,6.9984426
prosecute,5.1853238
prosecutors,4.0481438
prosperity,5.6937174
prostitute,4.1179905
prostitutes,4.9592578
protect,7.3472792
protecting,6.0255389
protection,6.8469412
protections,7.2531044
protects,6.9327876
protest,6.2027447
protested,6.2062425
protesters,7.1880386
protesting,6.3872066
protests,7.0549272
proton,3.8221498
proud,5.9969601
proudcanadian,4.509659
proudly,5.1131672
prove,6.3835408
proved,6.8791429
proven,5.4249342
provide,5.6995919
proving,3.9190517
provoked,4.5003338
prude,4.4419187
pruitt,2.4280014
pseudo,4.510944
pshhhh,4.1315514
psycho,6.1304384
psychopaths,4.7349654
psychos,5.779675
psychotic,5.4017164
pub,4.2318403
public,6.3836472
publicly,4.6269923
pull,5.2961116
pulled,6.4700856
pulling,2.5006628
punch,1.9974104
punched,3.8369741
puneet,3.6127105
punish,5.1530774
punished,4.8363631
punishment,4.4550945
punjab,2.4029577
punk,3.3440142
punt,1.6099657
pupa,2.9244211
puppet,4.3559309
purchased,4.6527602
pure,4.5639565
purge,5.9933345
purity,5.945554
purpose,5.1263837
purposes,5.4390865
pushback,5.2926596
pushed,4.7276369
pushes,5.3965546
pushing,3.3873326
pussies,6.7193455
pussy,1.1661205
put,3.2913349
putinsbitch,1.8469573
putinspuppet,4.5172535
putting,6.393395
puttingkidsincages,4.4656445
q,2.6293911
qaeda,5.0088504
qanon,3.4324586
qka,2.1075013
qualifies,6.934293
qualify,5.1541904
quarter,4.263649
queen,3.6046521
queens,5.7049694
queer,4.9257305
question,5.7126539
questions,6.3901627
quick,2.8624929
quickly,3.2188115
quit,3.5552822
quite,6.2259135
quote,4.150807
quoted,4.9802124
quran,3.3254974
raccoon,3.7439405
raccoons,5.1331616
race,1.852943
races,6.2777542
racial,5.1864969
racing,4.2020466
racism,4.8152483
racist,4.2039448
racists,6.7504455
racks,6.5880304
radical,3.4692449
radicals,4.5483705
radio,3.8018926
rag,3.2610653
rahman,4.0144316
rahul,3.8599502
rai,3.7755722
raid,2.9346105
raids,4.2499845
rainbow,3.8089861
rainbowrainbowrainbow,3.4714717
raise,4.6634696
raised,5.0313692
raising,3.233113
rallies,8.0078876
ram,4.6253967
rama,4.8643249
ramadan,3.9234913
ramalingam,3.7183549
rambling,2.6890126
rammed,5.0598545
ran,5.8492232
random,5.2421512
rank,5.4426043
rap,5.5186517
rape,6.4696171
raped,7.1851004
rapefugee,7.6856136
rapefugees,9.1570384
rapes,7.002281
rapid,2.8455472
raping,3.3589417
rapist,3.6213385
rapists,6.344996
rapper,5.9142104
rapture,4.7034185
raspberry,3.759096
rat,3.7978632
rates,10.592478
rather,7.0559314
rats,7.6337385
rattlers,6.390274
rattlesnake,3.8497906
raunchy,2.9420666
raw,3.758018
re,4.7538148
reach,2.2613302
reactionary,4.5877599
reactions,6.0613062
reacts,4.8070893
read,3.656938
readily,3.2994462
reading,3.5434034
ready,3.5153697
real,4.4923694
reality,5.6038209
realize,4.7039691
realized,5.3313238
really,5.467603
rear,2.1921413
reason,2.3671583
reasonable,3.432875
reasonfortreason,2.9760517
reasons,4.5293018
rebuilding,3.8605503
recent,4.3348907
reclaiming,4.1502458
recognize,3.4449298
recommend,4.9768463
record,4.8342263
recover,6.6706933
recovers,7.6484066
recruiting,4.1337245
rectums,4.6218237
red,9.8575681
redeem,4.0693251
rednationrising,6.4830891
redness,6.3660053
redshoesociety,3.9971846
reduce,3.9449798
reducing,3.6999249
reduction,5.6158879
redwaverising,4.1917477
reelected,5.6410687
reenter,6.5758534
reese,6.1558555
ref,7.7039217
refactor,3.5731239
referred,5.6823711
referring,4.291322
refuge,10.661759
refugee,10.490632
refugees,12.30396
refugeesgoback,7.4592915
refugeesnotwelcome,7.8071443
refund,7.6623157
refusal,6.1829347
refuse,6.5786821
refused,7.0661256
refuses,7.1259363
refutes,7.6685645
regard,6.5232128
regarding,5.4201012
regardless,7.1186789
regional,5.1232329
regularly,5.0236058
regulation,7.1960991
reid,4.3267863
reign,4.6175691
reject,4.9745311
related,6.2420718
relations,8.0346553
relationship,6.143117
relationships,5.8507023
relatives,7.1687569
relaxing,2.0905203
released,6.0094128
relentless,5.8344386
relevant,5.7995742
relieved,5.5262968
religion,5.466119
religionofpeace,2.9388899
religions,6.0496155
religious,5.4257747
relishes,5.5446469
relocate,5.3336286
remain,4.752583
remake,5.4091752
remarks,4.6411337
remember,6.1904802
remembered,5.8294386
remembernicole,4.5350223
remembers,6.6928121
remigration,10.609941
remove,6.398119
removed,7.0420815
rends,6.9717653
repatriate,6.0641448
repatriation,7.2098498
repays,5.4436096
repeatedly,5.3989698
repel,5.5104455
replace,4.9954431
replacement,5.9544638
replied,5.9398025
reply,6.1648137
report,9.506017
reported,6.8954902
reporters,8.498888
reports,8.5903553
repost,5.0428702
reprehensible,4.7378777
represent,5.5625439
repressive,5.4343494
reprobates,6.3673528
reproduce,5.0863908
republican,5.2775587
republicans,6.2324377
repubs,5.1406527
repugnant,5.0798085
request,4.3327262
requesting,5.0938525
requests,5.4564486
rescue,4.4763804
rescued,5.2982682
rescuing,4.2225056
research,3.903866
researching,3.2159029
reseeded,5.1753211
resentful,3.4991902
resettlement,4.8869769
resign,2.1523822
resigned,3.827824
resignindisgrace,3.1616682
resignorbeimpeached,1.828954
resist,0.78011643
resistance,1.7189792
resisted,2.5677364
resisters,3.763941
resources,5.3969478
respect,6.1831164
respond,4.8733158
response,5.8850527
responsibility,4.799185
responsible,5.4603317
rest,6.7107461
restaurant,5.8922636
resting,6.9631197
restored,6.3385252
restroom,4.5360627
result,4.371478
resulting,4.8720078
resume,3.1929764
retard,2.8952391
retarded,4.0278929
retards,4.2991668
retire,4.1103194
retrain,3.9426209
retroactively,4.8115827
return,10.351272
returned,7.7697217
returning,6.7424824
returns,8.5247986
retweet,3.9535675
retweeted,3.9108009
retweeting,4.2661076
retweets,4.6374117
revelations,7.0512982
revenge,5.3829078
reversing,6.3165102
revival,4.585092
revoke,3.075161
revolted,4.2692996
rex,4.767383
ricardo,4.7693896
rich,3.972856
rick,4.6067255
rid,5.0445615
riddance,2.5138588
ride,6.9743538
rider,7.2510124
riders,8.5579279
ridiculous,4.6603473
riding,4.1222599
rigged,5.0700303
right,4.5327597
righteous,5.8818894
rights,6.0903729
riiiiiight,1.443962
rims,5.308802
rin,2.6873208
ring,3.6234012
ripjohnmccain,2.4600307
rise,5.9166672
risk,3.8778786
rivalry,4.0626466
river,7.8336779
riverdale,4.5244931
road,5.7346893
roads,5.654688
roast,3.7871078
roasted,4.336258
roasting,4.8060593
rob,4.6429671
robbing,4.4518288
roberts,4.8826748
robin,3.58186
robocop,3.519621
rocks,4.1320737
rohingya,5.4783667
rohingyas,4.5910461
role,4.8277938
roles,6.5709304
rolling,1.1780379
rolls,4.0052093
romney,3.2505386
ronnie,4.1247408
room,4.6759839
roses,7.5636952
rot,5.9480346
rotations,8.056635
rots,6.9252575
rotterdam,3.8795675
round,10.0287
rourke,4.0854103
route,5.0881204
routine,5.489431
rover,8.4764684
rowland,3.1210761
royalty,4.1997194
rss,3.0246113
rt,3.4030324
rta,3.6550799
rubbing,4.1817323
rubbish,4.4763223
rubies,7.5078194
rubio,3.417312
rubios,2.9000402
rude,5.1798394
rug,4.4327196
ruin,2.5067551
ruining,2.8036907
rule,5.1547931
ruler,5.7075648
rulers,7.0385852
rules,7.0342367
ruling,2.7849554
rum,3.3597115
rumor,2.6297383
run,5.335451
running,3.5559188
runs,6.0673253
russellpiano,3.1228936
russia,3.9139013
russian,4.1160963
russianasset,3.5768767
rust,3.8793762
rusticate,5.6980167
ruthless,5.9023691
ryan,2.0830481
ryder,5.5452044
s,3.4947357
sack,6.202915
sacking,4.4567945
sacred,5.7779189
sad,3.1909638
sadly,4.3563081
safe,5.1889835
safely,5.0199196
safer,6.3271947
safety,6.0615147
sahib,2.2292815
said,0.51270679
saint,2.5663083
saints,5.4537805
salaam,2.7904094
salazar,2.7383618
sales,7.6866777
salman,3.5583993
salt,4.4024553
salute,4.3687035
salutes,5.6754679
sam,2.451856
same,0.92469076
samurai,2.4269968
san,4.6274366
sanctuary,5.2390383
sandwich,3.0904607
sandy,4.1413117
sara,3.6473041
sarah,3.2749429
sarahsanderssucks,3.7087358
sari,3.6101538
saturate,5.3764366
saturdaymorning,3.2080013
saturnine,4.6081832
saudi,4.4719338
saudis,5.3113192
sausages,4.5504624
savage,4.2076056
savages,5.2892149
save,4.6171389
savebengal,5.5820721
savebengalsavedemocracy,4.3319185
saved,6.6052291
saveeurope,6.0557914
saves,8.2771171
savethedoctors,4.3476345
saving,3.2784145
savoring,3.241755
saw,2.5035987
say,3.8758264
saying,0.76671292
says,5.1413248
sb,2.3598025
sc,6.1166303
scalp,3.5802225
scam,4.552195
scare,5.8065466
scared,6.8650437
scary,4.8095897
scenario,4.5613577
scene,3.9676411
schedule,3.6036632
schiff,3.224043
schmuck,2.7892714
scholarship,4.1970111
school,4.7841354
schooled,5.545807
schools,5.4367212
science,4.0096097
scientific,4.1104652
score,3.1587461
scot,5.9652116
scotch,3.3446219
scott,5.6592964
scotts,6.1831432
scotus,5.3113554
scream,4.3877496
screaming,4.2458529
screen,4.9526687
screenshot,5.0425309
scrolled,5.2794905
scroungers,6.7445774
scum,10.32988
scumbag,5.5869027
sea,6.5119083
seal,6.5359343
season,3.2096277
seasonal,4.0824125
seatbelt,3.8315364
second,5.1049423
secondhand,3.1635108
seconds,4.9572815
secret,4.8672398
section,7.4528943
sections,7.9652994
sector,4.3499319
secular,4.7123323
secularism,4.8394115
secularist,4.7498268
securetheborder,6.377388
security,5.5721521
see,9.3115734
seeing,4.376785
seek,6.0205148
seekers,7.4469904
seeking,3.3489147
seem,7.1200172
seems,6.6533445
seen,6.0385673
sees,9.755856
segregationists,7.131695
selected,6.8856177
self,7.5828858
selfie,5.1905832
selfish,4.3755379
sell,8.179331
seller,7.833221
selling,3.1700057
sells,6.6342521
selves,9.74318
sen,10.580456
senator,4.5107014
send,10.321242
sending,6.6875706
sendthemback,9.4879694
sendthemhome,8.2134378
sense,11.080694
senseless,13.030324
sensitive,6.8958078
sent,7.5641401
sentence,5.4712216
sentenced,6.1971204
separated,6.9532243
separately,6.5333712
separation,8.3613989
serial,7.1022723
series,11.42803
serious,7.6310672
seriously,6.0921922
servants,9.1371937
serve,12.785061
served,10.065628
service,8.2930987
services,8.9573006
serving,6.9020012
servitude,6.5660811
servo,7.2546137
sessions,7.0177667
set,8.1695717
seth,6.2774046
setting,6.3803305
settle,5.3642192
seventeen,4.2923435
several,6.5843472
severe,6.2058383
severed,7.5396834
sewer,5.5646221
sex,5.1299422
sexing,4.0900188
sexual,5.1399369
sexually,5.9184714
sexy,4.6518368
shade,5.0520973
shadow,3.23363
shadows,3.1057401
shaking,2.2987682
shall,6.3369368
shallnotcensor,3.7013566
shame,2.4899529
shamed,4.7159777
shameful,4.0016376
shameless,6.365867
shamelessly,4.5951719
shameonyouicc,3.0922391
shaming,3.7155354
shaped,5.2047279
share,4.7779035
sharia,4.2720163
sharing,2.2998733
shark,2.6140919
shave,2.3624476
she,2.1794223
shed,6.7628183
sheen,3.723451
sheep,4.2085643
sheesh,3.8448773
sheila,3.9997188
shelters,6.6266634
shes,7.8710772
shia,5.0563891
shielded,3.9673535
shiningindia,4.4885721
shinji,2.6903375
ship,5.7506959
ships,5.0830068
shirt,3.2307777
shit,3.2762188
shithole,6.907844
shitty,4.8403489
shock,5.4921566
shocking,4.3336941
shocks,5.219929
shoes,5.0721034
shook,5.1101774
shoot,9.0803157
shooters,8.3323006
shooting,6.5165743
shoots,7.9401528
shop,5.0861611
short,5.9516894
shorty,4.9789651
shot,6.255876
shots,7.2369754
should,12.167784
shoulder,9.2850975
shouldnt,7.5627254
shout,6.2283189
shouting,6.4991151
shoutout,3.939817
shove,5.1637055
shoved,5.629199
show,4.1941702
showcasing,3.4492175
showed,6.2998474
showing,3.792291
shown,5.6340844
shows,3.8976149
shrugging,1.5766721
shujaat,1.2444186
shuld,4.6761018
shun,2.3517669
shut,0.14985251
shutdownsesions,3.9285369
shuttle,2.5232523
shutup,1.7696657
shylocks,3.2837472
sick,1.7522687
side,5.4960751
sidekick,2.5373226
sides,7.0205745
sideways,4.2978908
sight,0.75894212
sign,0.9764163
signal,2.7873395
signed,4.1072431
signs,3.6550536
sikh,3.3612476
sikhs,2.7541642
silence,3.4736333
silencer,3.7023519
silences,4.9857368
silent,3.3276955
silliness,6.2698542
silly,6.5247423
simians,5.825252
similar,3.7644728
simile,3.8492696
simona,3.3898132
simple,5.2555679
simpletons,4.2382277
simply,4.0706116
simpson,3.3335901
sin,2.1320755
since,0.31358823
sindbad,3.2335755
sinful,3.1907379
sing,3.309563
singing,3.2854471
single,4.8419657
singular,3.7485548
sins,4.6894354
sir,1.8177824
sister,3.3305022
sisters,5.5119699
site,8.0356575
sits,6.1882263
situations,6.9934336
sixes,4.453474
size,4.0383693
sja,2.6033059
skank,2.0334715
skanks,2.708714
skin,1.1750272
skinhead,2.9104199
skinheads,3.771588
skinned,3.8676524
skirt,2.9090186
skis,3.8383438
skull,4.2699767
skullcap,2.8545678
sky,3.1557559
slab,4.0600207
slag,3.0679954
slam,3.7665016
slander,5.8287504
slang,4.5914963
slap,4.5837681
slaps,4.4126523
slaughter,5.2554075
slaughtered,5.2934152
slave,3.7718112
slavery,3.4570798
slayer,5.0482346
sleazebag,2.7700172
sleep,4.4958264
sleeping,3.6028412
sleeve,4.3420439
slept,3.7278785
slew,2.7390413
slight,1.5851242
slightly,3.5616155
slim,6.4967545
slime,4.2519409
slimy,4.5631201
slippery,3.1472491
slips,4.4065868
slitting,4.7558841
slob,3.416241
sloth,3.5190924
slovenian,4.2840064
slowly,4.6818786
slum,3.5533336
slumming,3.5966861
slumped,3.6021827
slurp,2.1187171
slut,1.0957946
sluts,4.653755
slutty,2.8758311
smack,4.5031104
smacking,3.7265021
small,6.0629393
smaller,6.2131431
smarmy,4.1721481
smarted,4.3898146
smarter,4.7410854
smartest,3.9308636
smell,4.2660492
smelly,3.8488388
smiles,6.0098656
smiley,2.7224454
smiling,1.9687366
smirk,2.5034556
smirking,1.639363
smite,7.0733861
smoked,4.3938454
smokers,5.7276524
smokes,4.7903301
smoking,1.2392704
smug,2.1236319
smuggler,3.3039071
smugglers,4.4843269
snacks,4.9919404
snake,4.4780851
snakes,5.5058976
snap,3.2186119
snazzier,4.1204649
sneaking,2.5226013
sneaky,2.9556425
snitching,1.7365669
sniveling,2.6955832
snorter,5.348097
snowflake,2.8855195
so,5.0407873
sob,4.1586277
soccer,4.4339524
social,5.8947561
socialism,5.499038
socialist,5.4056758
socialistanyday,4.3027139
socialists,7.0718196
society,6.9167496
sociopath,4.1206135
sociopaths,4.1877307
sodomite,6.1685881
sodomized,4.5741714
solace,2.3096596
sold,6.0679472
soldiers,6.2743088
solely,4.3357042
solid,4.1337147
solidarity,4.7013373
solution,5.0606912
solve,4.6688375
somali,5.4360353
somalia,5.952335
some,6.2087455
somebody,5.9435934
someone,8.8472647
something,2.6680421
sometime,3.7768393
sometimes,4.8082946
somewhat,3.4560187
son,0.65295756
song,2.3228455
songs,4.5152641
sons,7.0391809
soon,5.2997279
sooooooooooon,5.8182238
sophisticated,5.209815
sore,2.8861633
soros,4.7336735
sorry,5.6379864
sort,7.0068159
sotomayor,2.8250866
sought,2.57987
soul,4.2826194
souls,4.825473
sound,7.6417167
soundcloud,3.6171097
sounding,5.3239258
sounds,6.1844111
soup,3.3260465
sour,5.2168969
south,5.2943243
southern,5.4006419
sovereign,4.9007662
sovereignty,4.6149955
sowed,6.354
space,2.8181805
spade,5.2713944
spain,4.574556
span,4.6761467
spanky,3.6848663
spare,5.775718
sparkling,2.6885116
spartacus,4.4756752
spastic,4.0582526
speak,2.8473446
speaker,3.0606286
speaking,2.182467
special,5.9177729
specially,6.5945711
species,8.4892063
spectating,5.7009759
speech,5.9395438
speed,6.8020143
spell,5.755283
spelling,2.6517178
spend,5.6334116
spending,4.6142574
spends,5.3839364
spic,5.2593728
spicy,3.7279348
spiders,7.4554543
spin,4.4096918
spirit,3.5103094
spit,5.9212329
spiteful,5.7072157
split,3.0685062
spoils,4.6152948
spoke,3.7043061
sponsoring,4.5771427
sponsors,5.496017
sponsorship,5.0011177
spooky,3.3671924
sport,9.0747621
sporting,6.8497487
sports,8.3763914
spot,4.9708314
spotted,5.6131603
spout,2.9330185
spreader,6.0646624
spreading,3.9050624
spur,3.8226305
spurs,4.5700506
spying,2.76316
square,4.9311183
squaw,2.8869006
squeeze,3.2170115
squinting,3.6052803
sri,3.0740209
stab,6.7964167
stabbed,5.6940087
stability,6.0511986
stadium,3.9347774
staff,4.9083258
staggered,5.2915664
stake,6.2759832
stand,4.5716806
standard,4.3866127
standing,4.929742
standoffish,3.0119697
stands,4.9851288
standupforeurope,4.9102838
standwithyou,3.4548411
stanislav,4.2795991
stank,4.7275617
stanking,3.0321599
star,3.6821668
starlets,4.7825453
start,4.7682557
started,4.6891803
starting,4.9319311
starvation,6.3363548
starving,3.078901
stat,3.7016272
state,6.9357791
stated,7.4529256
stateless,7.7608135
statement,5.2606377
statements,6.6678518
states,9.0593703
stature,5.2210014
stay,6.8750943
stayed,5.6749281
staying,3.1956379
steal,3.5504278
stealing,3.1040728
steam,2.800644
steele,4.2965036
stella,3.7463125
step,3.171778
stephen,2.6550059
steps,3.867764
stethoscope,4.4641761
steve,6.006855
steven,5.4266404
stfu,3.808866
stfukthxbai,2.3211358
stick,1.9570268
sticking,3.0158463
still,0.87850728
stillllll,1.4939932
stink,3.5272279
stinky,3.1834385
stir,1.9298364
stirred,3.9871655
stirring,1.9403456
stitch,0.63047869
stole,5.4999523
stolen,4.6752108
stomach,3.4172667
stomp,4.9565223
stomped,5.4234369
stone,2.9083281
stoned,4.7921571
stood,4.0529096
stooge,3.9800011
stop,6.8672931
stopislamisation,5.0626778
stopped,6.4701465
stopspreadinglies,5.1462114
stopthebias,5.2315538
stopthegreatreplacement,5.2359249
stoptheinvasion,7.7738358
stopviolenceagainstdoctors,2.9411658
stopwhitegenocide,7.9407272
stopzakirnaik,2.6099527
store,3.2545267
stores,5.7783058
story,4.2550188
straight,1.054405
straightforward,2.6039341
strangers,7.1544273
strangulation,6.1828111
strapped,5.0700326
strategy,3.5944286
streamed,4.4599627
streamers,6.2415103
street,3.3345317
streets,4.0268437
streetwear,1.3972664
strength,3.6690739
stretched,3.6011802
strict,4.7097055
strictly,4.6009213
strike,4.0486806
stringent,4.5849079
strings,5.0469625
strippers,5.8384141
stripping,3.5777049
stroke,3.2698482
strolling,1.7485011
strong,2.7585994
strongly,3.8998275
struggle,2.8030329
stuck,2.9495258
student,2.676617
students,5.1205252
studied,4.0234968
study,3.2039148
stuff,2.7785767
stuffed,4.2995171
stunning,2.9580189
stupid,1.7055815
stupidity,3.2995566
style,4.0476842
sub,7.5860919
subhuman,5.1965331
subject,5.1648208
submissive,4.8941345
submit,6.1769788
submitting,5.539253
subramanian,4.5728902
substance,3.2494516
subvert,5.5816708
subway,6.0515827
success,6.5333957
successful,4.7095533
successfully,4.7646157
such,2.2306064
suck,4.7701764
sucked,4.7453425
sucker,4.2598624
sucking,4.721228
sucks,5.1564909
sud,6.3701805
sudanese,5.1941529
sudden,4.6261897
sue,7.1325529
sued,8.0884052
sues,8.434003
suffer,7.0182074
suffered,6.0205307
suffering,4.465335
suicide,5.9818456
suit,5.4158046
suits,6.8996124
sum,6.3527487
summer,6.9556262
sundaymorning,4.0808959
sunglasses,4.6878874
sunni,4.3169993
superb,4.9116078
superior,6.8584161
superman,5.6494809
support,10.736326
supporter,9.0009699
supporters,9.592524
supporting,8.3025083
supportive,8.3042842
supports,9.8344785
supporttheblue,7.3477498
suppose,7.8768785
supposed,7.9946159
suppress,7.239658
suppressed,6.028376
supremacy,5.0414927
supreme,4.7235444
sure,5.5585767
surgeon,4.3199634
surgery,4.7118046
surgical,4.422955
surprise,4.2213713
surprised,4.8541663
surprisingly,4.5653268
surrendered,5.8571143
surrendering,4.6923286
surrounded,7.0385473
surroundings,6.4130539
survive,4.9624914
survived,5.4208041
susana,5.3839349
sushi,5.6545507
suspect,6.1779528
suspects,6.2340848
suspend,5.2473747
suspended,5.5325751
swamp,3.4526847
swat,2.0485667
swear,0.51406819
sweat,2.5437716
sweating,4.7859813
sweaty,3.1984716
sweden,4.5458762
sweet,3.8040521
swerving,3.6202157
swine,4.4270178
switch,2.1292304
switches,4.5811836
swoon,3.2619957
sworn,3.9889844
sycophant,4.5730916
symbol,3.6591806
symbols,4.0105099
symmetry,3.6411348
sympathetic,4.4904068
sympathize,3.7965565
sympathizer,4.2286112
sympathizing,3.1808221
sympathy,3.8796564
syndicate,4.875822
synonym,3.6549941
synonyms,3.579106
syria,7.0244531
syrians,7.4132143
system,4.2356957
systematic,4.4602016
syvicol,3.3159095
t,2.8120953
ta,8.3661498
taffy,4.1363677
tajikistani,4.0946074
take,9.0578135
taken,5.9719293
taker,6.6903265
takes,8.2956351
taking,4.780419
tale,5.4610419
talent,3.7635631
tales,7.5894212
taliban,4.9575449
talibancrimesagainsthumanity,3.9246227
talk,3.426771
talked,4.1167187
talking,0.49817753
tamil,5.1273764
tanker,4.7981696
tantrum,3.7610983
target,5.4681795
targeted,5.1654864
targeting,5.1562257
targets,5.962068
tarzan,3.6871451
task,4.2379306
taste,4.7033904
tastes,6.3630711
tasty,4.0788734
tatted,6.5221091
tattle,4.8173656
tattoo,3.8220291
taught,3.6998389
tax,6.1783516
taxes,6.3869505
taxpayer,4.8627073
taxpayers,6.3147636
taylor,3.383631
tea,2.1057153
teach,0.72232084
teacher,2.9164864
teaches,3.7201418
team,2.5206864
tear,-0.47188417
tearing,1.3334967
tears,-0.31436623
teasing,3.5254006
teen,2.9865271
teenager,3.8858041
teeth,3.4432574
tef,2.332562
tel,4.5973777
teleprompter,3.9528229
television,4.2753458
tell,5.4786624
telling,1.4620212
tells,4.55412
temple,5.1610292
temporary,3.8262388
ten,5.2998229
tend,4.7386172
tendencies,6.4600138
tense,5.5487782
tension,4.9951447
term,5.2670875
terms,5.3507217
terrible,4.85645
terror,5.0258303
terrorism,6.653861
terrorismfreekashmir,3.9818222
terrorist,6.1607153
terroristnationpakistan,5.8256337
terrorists,7.5127044
terrorizing,4.2896709
test,5.6973376
testicles,5.7142014
testify,3.85655
testimony,3.9167843
tests,7.2800197
texas,4.4241821
text,2.9764219
texting,4.0496814
th,10.235661
thailand,4.1952685
than,4.6103823
thank,4.6545339
thanking,2.9911204
thanks,5.5856006
that,4.6680668
thatboysgotthedevilinhim,3.3255928
thats,6.8756876
the,7.4239641
theaters,8.6632935
theft,6.6469093
thefts,7.0370169
their,11.654782
thejuiceisloose,4.7852391
them,14.256899
themselves,9.3026002
then,6.7376172
theo,8.1004773
theocracy,5.6737792
theorists,7.8458197
theory,6.0574651
there,4.6363775
therismoreofthemoutthere,4.8526582
these,9.6598621
thesepeopleareevil,5.0912003
thesis,5.6740296
they,10.894507
theyll,7.0966743
theyre,6.2016304
thief,3.793903
thieves,7.8319423
thin,2.6701709
thing,1.0090201
things,4.3287267
think,2.8626366
thinkin,1.0451564
thinking,1.1734038
thinks,3.3817185
third,3.7650533
this,7.6953601
tho,9.1807574
tholes,8.5807001
thoroughly,4.6312676
those,12.227945
thottiessssss,4.9076761
thou,6.4717628
though,4.4164398
thought,2.9545086
thoughts,4.4593416
thousand,6.1880054
thousands,6.2963452
thread,4.6471678
threat,5.3154108
threaten,6.1792898
threatened,5.8742736
threatening,4.7805704
threatens,6.7065246
threats,6.3629832
three,5.6099746
threesome,4.1754122
thriller,7.5592533
throat,5.1669073
through,5.9002984
throw,6.5105342
throwing,4.7774757
thrown,6.5543091
thugs,5.830211
thugsofpakistan,4.3126842
thumb,4.9200211
thumbs,5.5498284
thumped,4.9366616
thunder,6.9667864
thus,7.4587896
thwarting,4.4458928
thx,4.3129802
ti,4.0455793
tia,6.0486002
tic,7.4345434
tickets,5.1996486
tie,6.1848854
tier,6.0466161
ties,11.959121
tiffs,2.6067101
tight,1.3298384
tijuana,3.2942893
till,5.7092074
tills,5.4246531
tilt,2.6626115
time,2.3569408
timeline,3.3225533
timeouts,3.8058805
times,4.9679062
tip,4.5115789
tips,4.3882661
tiptoe,2.759119
tired,4.6523381
tit,3.8868322
tithe,5.1469642
title,4.1518996
tits,6.463275
titties,6.4947021
tj,1.9566656
tm,3.1105127
tmc,4.61648
tna,2.9788923
to,1.9304428
today,-0.14387454
todaysgop,1.9293725
together,6.7829392
told,4.4666515
tolerate,5.0536335
tommy,2.9887926
tomorrow,3.0496773
ton,1.7106306
tone,-0.44237795
tonegmfu,0.97499559
toneunamused,2.045767
tongue,2.178493
tonight,0.3706387
too,0.5075946
took,1.8397474
tool,2.4127815
top,3.8868582
topic,2.9085007
torched,4.1310396
torchers,5.3515457
tories,8.8108522
torn,4.0177774
toronto,3.4318614
tortilla,4.2419476
torture,5.4600892
tortured,6.2769424
torturers,6.3757918
tortures,5.9555754
tory,3.6368369
tos,3.495436
tosser,5.0174388
tot,2.1390405
total,3.0531847
totally,4.6350614
touch,4.0303593
touches,5.3273617
tough,2.9217716
tourist,4.0085865
tournament,4.0944864
toward,4.9180109
towards,6.0434686
towel,5.0356922
towelheads,4.097623
towers,6.4949427
town,4.9575208
towns,5.1131497
toxic,3.359983
tpl,2.53246
traces,4.5799621
track,4.9216454
tract,3.9315636
trade,3.7704585
trading,2.8811682
tradition,4.5175129
traditions,5.1662617
traffickers,5.2486303
trafficking,4.1597874
tragedies,5.0094293
tragic,1.6870676
trailer,2.6764449
trailing,1.4419144
train,1.0910958
trained,3.8756777
trainees,3.8752744
trainer,3.7652884
training,1.5858561
traitor,-2.998167
traitorduterte,1.1705634
traitormcconnell,1.2132101
traitorous,1.3805981
traitors,-0.2259507
trannies,6.4535336
tranny,3.7410516
trans,6.1571761
transformation,5.260328
transgender,5.0907263
transgenders,5.9880115
transition,5.2698146
transitioned,4.829683
transportation,7.0461361
transsexual,3.316048
trapped,4.678245
trash,1.8597055
trashy,1.5163618
travel,2.9549976
travelers,5.2746012
travelling,1.8696525
travis,2.3527185
treacherous,3.7528463
treadmill,4.096589
treason,1.461146
treasoninplainsight,2.1167606
treasonous,3.5781104
treasonoustraitortrump,1.2290148
treat,2.6488044
treating,4.8547351
treatment,4.1301036
trenbolone,2.2920872
trending,4.0847841
trendy,3.8198569
trespasser,4.2798024
trial,3.8534561
tribune,2.7776796
tribute,3.4909021
trick,3.497049
tricks,4.0615802
tried,6.6752688
tries,11.21723
triggered,5.1942211
trip,5.1095175
triple,5.7892965
tripletalaqtruth,2.7193568
tripoli,4.0160023
tripped,5.9082353
tripping,3.6208915
trolling,1.1863966
trolls,3.1772804
troops,3.478343
trouble,2.8709041
truck,1.2189568
trudeau,0.44722177
true,-1.0193112
trueindiamuslim,4.2202159
truism,1.7908859
truly,2.0157274
trump,-4.436624
trumpconcentrationcamps,2.908218
trumpcrimefamily,2.4345659
trumpcrimefamilyforprison,2.0847846
trumpcriminalinvestigation,4.4013957
trumpderangementsyndrome,2.5627475
trumpeting,1.386725
trumpfarworsethanbillclinton,2.0144109
trumpforprison,1.3023442
trumphatesamerica,3.9931045
trumpisacriminal,1.8943436
trumpisacrook,0.40498483
trumpisadisgrace,1.1030077
trumpisamoron,0.37438312
trumpisanationalsecuritythreat,3.3019396
trumpisaracist,1.2372486
trumpisatraitor,-1.4271554
trumpisnotabovethelaw,2.3235369
trumpistheenemyofthepeople,3.7692201
trumpistryingtodestroythenation,3.3756092
trumpisunhinged,1.3608735
trumpmustbelockedup,1.5519066
trumpmustresign,1.2286355
trumpobstructedjustice,1.8074752
trumpputinsbottomboy,1.4987454
trumprussia,1.0064093
trumprussiacollusion,1.4247433
trumps,-0.55584253
trumpsaninternationaldisgrace,3.2385127
trumpsconcentrationcamps,2.8016579
trumpsellsamericatohighestforeignbidder,3.5234304
trumpsworsethannixon,1.778247
trust,0.70159334
trusted,2.3916503
truth,1.5443232
truthful,1.2089492
truths,2.0069627
try,4.6116876
trying,4.0468607
ts,10.93774
tslint,2.3862134
tube,4.3014053
tuck,3.1807043
tukdetukdegang,4.0141059
tum,4.2698509
tumor,2.8970737
tune,2.9294025
turbines,5.6588047
turkestan,4.9156674
turkey,4.1668928
turn,9.8992808
turned,6.7756407
turning,5.4987217
turns,7.4374615
turrets,5.3515544
tusks,3.3812251
tv,3.7242877
tvb,1.9900484
twat,1.6094146
tweet,3.1199888
tweeted,3.2795938
tweeting,3.8627038
tweets,4.1557465
twelve,3.7623631
twice,3.7814301
twin,3.186217
twinkle,3.9907847
twinklesharma,3.6219948
twisted,4.5537626
twit,3.5853387
twitch,1.8415035
twitchier,3.7506347
twitter,4.7555152
two,3.1226421
type,5.2105638
types,5.7746858
typical,3.6021697
typing,2.866941
tyrannical,4.3416268
tyranny,4.270778
tyrants,8.6211215
tyrone,2.4029305
u,-1.2875
ucla,2.9003291
ugh,2.8214439
ugliest,5.687556
ugly,4.1665895
uh,2.458922
uhhh,2.7872725
uhhhhhh,3.6251807
uk,4.5778005
um,3.6920634
umm,3.3778692
un,7.9060168
unabated,5.6073149
unable,5.4043309
unaccompanied,5.175281
unamused,4.5557864
unattended,5.6810982
unbearable,3.5079572
unbelievable,4.1013853
unbelievers,7.0504799
unblock,4.3004733
uncertain,3.3359493
uncouth,4.07155
under,10.435546
underline,5.8123358
undermine,7.8339215
undermined,8.2937278
undermines,8.4966721
understand,7.3605993
understood,6.5999786
underway,6.0470195
undocumented,7.2453103
undone,4.5659185
undressed,5.9406029
uneasy,4.6799575
uneducated,4.807905
unemployment,4.2875448
unfitforoffice,3.8864828
unfittobepresident,2.8158053
unfollow,3.744857
unfollowed,5.2340131
unfortunately,5.7858927
ungrateful,6.3409533
union,7.1791815
unisex,4.4748825
unison,4.8015548
unite,9.3869255
united,8.4886759
universe,6.179054
university,6.4752988
unleashes,5.3279477
unless,7.3944334
unlicensed,6.2237136
unlike,4.1332028
unlined,5.7966902
unnaovictim,3.9614079
unnecessarily,4.2610962
unpersoned,4.4527714
unplug,3.7452874
unpredictable,4.1128892
unruly,4.4601707
unsafe,4.2595811
unsecured,5.4257264
unsold,4.8257261
unsolved,5.2324031
until,3.91481
untouchability,4.505359
unv,4.8471961
unwanted,6.2645232
up,-0.67290454
update,4.2692413
upholding,2.6270954
uppity,4.3885105
upset,3.3514654
uranium,3.9786843
urbandictionaryhastaughtme,2.9691063
urdu,3.4369544
urge,5.6075004
urges,6.7045386
urine,4.1192418
us,12.559083
usa,5.5869972
use,4.394299
used,7.1182538
useful,4.2819516
useless,8.6528515
users,7.968696
using,3.029399
usually,5.727599
utter,4.6054715
uyghur,3.0841722
uyghurgenocide,6.5032935
vacation,7.0088963
vaccine,4.0315457
vagina,0.32071791
value,3.8501832
values,6.1501094
variation,6.8063155
variety,4.4574154
vast,3.4078776
ve,4.0003687
veiled,4.4412307
veils,3.6576226
venom,4.0592377
ventilator,3.0451159
venture,4.2901053
veracity,4.6101605
verbally,4.8682061
verify,4.1191261
vermin,4.8872648
verse,6.0436116
versus,5.8673227
very,-0.11774992
vest,5.4245443
vet,3.7422519
vetoed,3.5891916
vets,5.7006588
via,6.1039366
vibe,3.8268443
vicious,4.8094586
victim,5.0832082
victims,5.5702067
video,3.6327353
videos,4.0600195
vietnam,2.8591707
view,3.0216555
viewpoint,1.9444885
views,2.8388183
vigilant,4.1972767
viktor,1.7171778
vile,3.3772461
vilified,5.2787516
village,6.2788308
violate,5.3021396
violates,6.9596623
violating,5.4430744
violators,4.2882002
violence,4.5625302
violent,4.1974518
violently,4.5553615
virgin,2.5761407
visa,4.0985881
visas,4.1287784
visible,5.0162125
visit,3.8825702
visiting,5.017538
vodka,2.4000127
voice,5.1400735
voicemail,4.2276477
volatile,3.6484789
volume,2.796916
vomit,4.6477967
votary,4.8891257
vote,10.49314
votebluenomatterwho,3.7345219
votebluetosaveamerica,5.1791048
votedemsout,3.1973027
voteoutgop,3.7879482
voter,8.0857176
votered,7.0858361
voters,8.9635924
votes,9.7721133
voting,6.1933108
vowed,5.9015518
vulnerable,3.0504296
w,1.9870915
wack,6.0651592
waffle,3.7145339
wait,3.4309334
waiter,5.8901665
waiting,4.5165419
waits,5.1222632
wake,4.1935018
wakeupamerica,6.1029846
waking,2.0514713
walk,5.5217583
walkaway,7.4786996
walkawayfromdemocrats,5.0576341
walked,5.2296376
walking,2.0582872
wall,8.0342071
walmart,3.1368959
wan,3.3409547
wanker,4.3146331
wannabe,2.7068162
want,8.2200756
wanted,7.4298067
wanting,6.5919045
wants,8.5330565
wapking,1.4497531
war,2.9893289
warm,3.840707
warmed,5.2120657
warned,4.3764646
warner,4.7277282
warped,5.0087427
warrant,6.3146761
warsaw,2.2723695
wartime,3.1016179
was,3.189191
washington,3.2096391
waste,3.7768241
wasting,4.9206716
watch,2.3029857
watched,3.7296872
watching,1.2977937
water,5.7276951
waters,7.6193616
wave,3.0118653
waving,2.2913827
way,6.630503
waylay,3.2172304
wayne,3.059381
ways,7.114873
we,2.8982554
weak,3.4749941
weakness,4.9581077
wealthy,3.9969143
weapon,4.499388
weapons,6.316322
wear,0.3528442
wearing,1.713193
weary,1.2683996
weave,2.9279311
web,3.5182079
wedding,3.8333419
wee,3.5769891
weed,6.3831185
weeeeee,2.7943969
week,2.4945535
weekend,3.7887054
weekly,3.2952302
weeks,3.7184311
wei,3.4916649
weighed,4.1078457
weight,2.1048088
weinstein,3.9686459
weird,3.927306
weirdness,4.7063383
welcome,7.2729747
welfare,5.9094219
well,5.3078834
welp,3.3928354
went,1.7996491
were,4.767749
west,6.2965039
westbengal,5.9553578
western,5.983159
westminster,4.1415574
wet,4.581381
wetback,5.5761262
wethepeople,6.8261796
wh,3.9116176
whack,5.5186474
whales,6.4834213
what,1.0491175
whataboutism,3.7917285
whatever,13.251919
whats,6.5501536
whatsapp,2.8379063
wheel,2.8823004
when,1.9927315
whenever,5.7506696
whentheyseeus,4.1634077
where,2.5844237
wheres,4.7091049
wherever,6.4839406
whether,5.744176
which,5.8315817
while,3.9024153
whilst,4.485208
whiners,7.7203036
whiny,4.6709438
whip,6.5123133
whipping,4.4393923
white,16.669669
whiteamerica,9.2412092
whitelivesmatter,6.2730851
whites,14.089584
whitewash,7.3848048
who,7.0978696
whoare,4.0959666
whoever,7.1194229
whole,5.3037846
whom,3.5862613
whomever,7.0633639
whoop,4.0011418
whoops,4.3509821
whore,-1.2441991
whorehouse,2.1352551
whores,3.0740255
whos,4.5117109
whose,6.53832
wht,2.4189271
why,3.7174821
wi,3.4631356
wicca,3.0955866
wick,3.4540958
wicked,4.6740128
widely,4.7537024
widespread,4.0498397
widow,2.5790147
wife,4.0000562
wild,6.0717876
wildlife,4.198108
will,8.7953645
williams,5.5402571
willing,4.4418144
wilson,1.8379399
wimbledon,3.2278467
win,4.0492843
wind,5.2270783
wing,4.145112
wingers,8.0149055
wink,3.9555914
winking,1.7026225
winning,3.4581372
wins,5.987151
wish,3.0301748
wishing,3.0014573
witch,2.2811938
witches,5.1424496
with,5.7263123
within,3.1567246
without,4.6657466
witness,5.9661491
witnessed,5.039745
wives,8.6616084
wizard,2.8893807
wobble,3.9285014
woke,3.1839687
wolf,3.4130447
woman,2.3129889
womb,3.3749243
women,9.8037257
won,3.9710051
wonder,5.7559175
wondering,3.8505241
wont,3.8126044
woohoo,3.3357116
wording,4.3899124
words,5.413348
wordsmith,3.9420171
work,2.5662117
worked,3.8454162
workers,5.8701468
working,1.3311934
works,3.1238836
world,11.848645
worldbank,5.177302
worldwide,6.7935682
worried,4.5091478
worry,4.8381322
worse,4.4670256
worsened,4.9853988
worship,5.2831734
worshipers,6.2340326
worst,4.0474957
worstpresidentever,4.6578364
worstpresidentinhistory,3.2739627
worth,7.2031805
worthless,7.350044
would,7.3525221
wouldn,4.529933
wouldnt,4.1830955
wound,6.7999977
wow,1.7086964
wrapped,5.1489402
wrecked,3.8132894
wrestlers,5.6763861
write,7.0614132
writes,7.3742027
writing,5.3470319
written,5.0470708
wrong,1.9718929
wrote,4.5885188
wtc,3.4647877
wtf,2.456292
www,2.4035611
xenophobe,3.0899137
xian,4.1893115
ya,5.0251684
yall,6.765923
yard,2.9007216
yasmin,2.8727962
yaye,2.2291881
ycopyrightydenmark,2.8770848
yeaaaa,1.9005094
yeah,0.27376661
year,-2.3368723
years,-1.3313857
yemen,4.9653631
yemencantwait,3.4670316
yes,4.7003605
yesterday,3.2059628
yet,3.7079926
yo,3.6020977
yoah,1.8662445
yobbo,2.9794309
yodermustgo,3.617611
yogi,3.1408443
york,3.8832687
you,4.8341266
youd,4.1857487
youll,5.6773952
young,5.5023053
your,5.4196103
youre,4.8131805
yours,6.7037698
yourself,7.2420926
yourselves,7.9426272
youth,4.8324107
youtube,3.9892378
youve,3.7996173
yr,1.6619565
yrs,3.3314501
yucky,3.3708505
yuki,2.5470871
yulindogmeatfestival,4.449812
yulinfestival,4.8488449
yuri,3.7113117
zach,1.8719501
zealot,3.8284684
zealots,4.8694381
zero,3.44334
zigeuner,3.7655922
zionist,4.1362008
zombies,6.3243711
zone,2.0268673
zoned,4.4691313
zoo,4.0723924
zoologist,3.1624276
zoos,4.4267033
