row_id,label,text_hash,split
ex_000000,1,e0cc81a4d5f0f2b3,test
ex_000001,1,906f97390ef91f64,train
ex_000002,1,50fe44bc8cf60d1c,validation
ex_000003,1,4bedb3fea5ed5fbe,validation
ex_000004,1,f1a8b2543327a925,validation
ex_000005,1,c298e316313dbf2a,train
ex_000006,1,86e88a5ceeb78572,train
ex_000007,1,a9c94c9864a9c2d0,validation
ex_000008,0,00339240d3bab0af,train
ex_000009,1,b368082c4dfc92a1,train
ex_000010,1,caa555fda5481362,train
ex_000011,1,1039e1b925049ce6,train
ex_000012,1,1c94926b81fc81a8,test
ex_000013,1,5c7730d5e8746e7f,train
ex_000014,1,a4f3eb1a5802249e,validation
ex_000015,1,92af705556f9cffe,validation
ex_000016,1,f07143bf5f993869,train
ex_000017,1,1ebc915da5446046,validation
ex_000018,1,98d7caeeb99b3ae8,train
ex_000019,1,21f8a3afe812f2b7,train
ex_000020,1,898c0480815113ba,train
ex_000021,1,aaaf481f25917405,test
ex_000022,1,aadd55ef2d9d34b5,train
ex_000023,1,4fb27b01defd61d6,test
ex_000024,1,391b077b6119a040,validation
ex_000025,1,3c5e50ad0073f682,train
ex_000026,1,db1bd2f0a62f27db,train
ex_000027,1,a4a9cb48b46aa7a9,validation
ex_000028,1,ca27e624a1c9d154,train
ex_000029,1,ed43b9efb8c2500f,train
ex_000030,1,0b67129fca4dc80a,train
ex_000031,1,1facb7fcf2a51d84,validation
ex_000032,1,04f8212c9fc3d681,train
ex_000033,1,8eb7a55b73e8b6f9,train
ex_000034,0,024bc26847a63b8a,test
ex_000035,1,4b245d3824cc490f,test
ex_000036,1,5e14d7dde7dd0591,train
ex_000037,1,dedd868d0dc33665,train
ex_000038,1,69c20f5e843b6a91,train
ex_000039,0,29261a69d1cb3232,validation
ex_000040,1,4330f780ed437305,train
ex_000041,1,36382a46f9b798f2,test
ex_000042,1,6f4e3791e76f9f3b,train
ex_000043,1,256c8953cff4fc12,train
ex_000044,1,679d5c6b39c5cfd0,train
ex_000045,1,db1b4714e61eae5c,train
ex_000046,1,cb61ce12bd757860,test
ex_000047,1,fecca2d365e147be,train
ex_000048,1,22a98ab4c5c76462,train
ex_000049,1,53cbdc62461f0de3,train
ex_000050,1,c12578a352ff6c58,train
ex_000051,1,1feb495dd06fc99c,train
ex_000052,0,80b28c8a3bec45bd,train
ex_000053,0,3af39e8da3edf082,test
ex_000054,1,e8aea722348475de,train
ex_000055,1,1b9ff97ba35c2ff8,train
ex_000056,1,df7236eab4044c9e,train
ex_000057,1,96ebc4abb008cf0b,train
ex_000058,1,82121dd0f75703b4,train
ex_000059,0,a36e5d51246bd1f4,validation
ex_000060,1,ae90a64a74af6ca6,test
ex_000061,0,52ba5d42ef805b24,train
ex_000062,0,a7a6aa6c59960191,train
ex_000063,0,d6c4fc4da801268e,train
ex_000064,0,c815d6be5a7cb7f3,test
ex_000065,0,eba8e321645f932a,train
ex_000066,0,3c1eaf4c902acd7c,train
ex_000067,1,cde590a9238edbd8,train
ex_000068,0,8cfd980bb91e9f43,train
ex_000069,0,f337d985e44ecf8a,validation
ex_000070,0,ce8221632961eac1,validation
ex_000071,1,64c43e01f98da636,train
ex_000072,0,b30e854251aaaf77,validation
ex_000073,1,2d7574000665d0c1,train
ex_000074,0,4b02d0bea7592b9d,validation
ex_000075,0,67f80984dab12f17,train
ex_000076,1,19c9f2c16120db89,train
ex_000077,0,a8234abca6fbda59,train
ex_000078,0,3298579477ab69db,train
ex_000079,0,cb095916af59ac75,train
ex_000080,0,346d4059fd99f68a,train
ex_000081,0,5f7e112de7de171f,train
ex_000082,1,64b8fa3f4bc7ee06,train
ex_000083,0,2ce8b97b2d8989a2,train
ex_000084,0,747049aa99302bb3,train
ex_000085,0,9a7eb8a4de87ee73,test
ex_000086,1,5c8407f9a57c8521,train
ex_000087,0,4e1efa3be3ab1d17,validation
ex_000088,1,a93898da64a5d7b8,train
ex_000089,1,6d78c42355c6666c,train
ex_000090,1,89e0211bc95dfa9b,test
ex_000091,1,d4ba76807ccd66cb,train
ex_000092,0,b7c6a4bca9794fdf,train
ex_000093,1,fea92b437dc88ebe,validation
ex_000094,1,1d6e117754dbf12a,train
ex_000095,1,fd39c2738105c8f5,test
ex_000096,1,4da6e4c5d327e4bd,train
ex_000097,0,2b3b7f52b77c9517,validation
ex_000098,0,eebf695df239c126,test
ex_000099,1,f4d5b611f265c0ad,train
ex_000100,1,e8d8b3c57b53be14,train
ex_000101,1,2a14739924baf3bf,train
ex_000102,1,70256e1dd98f09a5,test
ex_000103,1,78cc518e75f959fd,test
ex_000104,1,9f81ca4e031acde1,validation
ex_000105,1,57462553a02de2de,train
ex_000106,1,5ce0a714aa1e124c,train
ex_000107,1,d6abc543f31e619f,test
ex_000108,0,d04ad39223333dd4,train
ex_000109,0,918bbe1d0d86b50a,train
ex_000110,1,e9588817f509285e,train
ex_000111,1,94c2cc28492791ae,train
ex_000112,1,400ec8b5c5e8dde3,train
ex_000113,1,c9fb427793b9deaa,train
ex_000114,0,2860c10755de0e53,train
ex_000115,0,245fb27c8ecb7610,validation
ex_000116,0,28588ee23fcc50c6,train
ex_000117,0,b9cd63a2e64e0227,test
ex_000118,0,9920a859d874f7b2,validation
ex_000119,1,6aa9cbd5773d7f4f,train
ex_000120,0,733708428c48bdd0,test
ex_000121,1,77b95c9fbdcdae70,validation
ex_000122,1,695a10bdb11d0379,validation
ex_000123,1,e7e91ca80aae7f48,train
ex_000124,0,a4a68c8a405a1499,train
ex_000125,1,389cc54cdb3beb16,train
ex_000126,1,33eebd62fa46428d,train
ex_000127,1,b7a7dafc88b9c6d6,train
ex_000128,1,140486e939f57a0c,test
ex_000129,0,e4a8bf64ee117bdb,test
ex_000130,1,a28785cb4662bc76,train
ex_000131,1,cc55436ea42750d3,train
ex_000132,1,aa641a23425a65e9,train
ex_000133,1,c2ef14b1a6f56929,train
ex_000134,0,7d9caa2fdc3a8e45,train
ex_000135,0,8d5af2ad79389962,train
ex_000136,1,88b4716381a8f6cd,test
ex_000137,0,576d5beff31c5f43,train
ex_000138,0,a5595b4e9b73f7d1,train
ex_000139,1,80fc28d7530dd2e0,train
ex_000140,0,98ac53df2dcb8cfd,train
ex_000141,1,45a8a7d1b8cb1069,test
ex_000142,1,a6efa48a777caf7b,train
ex_000143,0,1bfa8232214a45b8,test
ex_000144,1,48ed93e7a740800d,test
ex_000145,0,e8c8e1a72eaa95cb,validation
ex_000146,0,1876d40843ac2017,train
ex_000147,1,9b657393a69afd99,train
ex_000148,1,771134f7746da3c3,train
ex_000149,1,7daf4711ac9f93e7,train
ex_000150,1,4654feaceeddb50e,train
ex_000151,1,11e867b7f31df841,validation
ex_000152,0,a7c58c1e0bce5ec9,validation
ex_000153,0,bfcdbaba7697e48a,validation
ex_000154,0,e1b45d83b16a8d46,train
ex_000155,0,4b79a6fa0b66f6af,validation
ex_000156,0,906c537cc976a234,train
ex_000157,0,31485ee23eedc6cf,train
ex_000158,0,f7419f836299d2d0,train
ex_000159,0,bba11248fac3201e,train
ex_000160,0,740b5f9a258a2f98,train
ex_000161,0,0d799b23ced4b9de,train
ex_000162,0,db94c3707d280447,test
ex_000163,0,30af8fd967544c6e,train
ex_000164,0,1b604c33e2f1046b,test
ex_000165,1,75fb1a3422f6732e,validation
ex_000166,0,21be22251c1af86b,train
ex_000167,0,03640f63eeba306a,validation
ex_000168,0,abab8af64148fbaf,train
ex_000169,0,ebee65c8929b9832,validation
ex_000170,1,9b6e9557ecab8eef,train
ex_000171,1,496e9bfeaa7032e9,validation
ex_000172,1,b0f8900e03570109,train
ex_000173,1,f0ac1a0a14f98f5c,train
ex_000174,1,b71bb66f565773d6,train
ex_000175,1,28818fab1b6d860d,validation
ex_000176,1,d05c0e395da22c33,train
ex_000177,1,5d0822a8d564a611,train
ex_000178,0,e30355febd0ed04f,train
ex_000179,1,f8df263f3283fb58,test
ex_000180,0,6f3e5b1f4eb0589f,validation
ex_000181,0,37cf0445e7a54882,train
ex_000182,0,cbb157ba334db060,validation
ex_000183,0,ee9c480701a7001d,train
ex_000184,0,2516086a14a1245b,test
ex_000185,1,b5364c182bfaf125,validation
ex_000186,1,e63800f264995eec,train
ex_000187,0,6fa28997f1da54b4,train
ex_000188,1,8cbbb73945cd6086,validation
ex_000189,1,816d357037745522,train
ex_000190,0,aa7790a48347705f,train
ex_000191,1,dea460787e067d88,train
ex_000192,0,f79ac559ffbd3ea0,validation
ex_000193,0,6736e53ff1d37de2,train
ex_000194,0,95eef4682570d889,validation
ex_000195,1,5910ecd88fcfe7b5,test
ex_000196,0,7bba43db60497f2a,train
ex_000197,0,ec2c60f7b979e768,train
ex_000198,0,fb0db474800764e3,validation
ex_000199,1,b8c17f13276931e7,train
ex_000200,0,403e2867cbdb67e3,validation
ex_000201,0,0611bf1020fee92a,train
ex_000202,0,37bf22103d913146,validation
ex_000203,0,a99f1bb6ccda29fb,test
ex_000204,1,e64131cd9660dc80,train
ex_000205,1,75372739190af94a,train
ex_000206,0,ba5f97aa578e9b16,validation
ex_000207,1,a4094ff460407ef2,train
ex_000208,0,a229af9a0cd14af3,train
ex_000209,1,6995173dc2af2dc3,train
ex_000210,0,406ae996d65072cc,train
ex_000211,0,8823a4187f2996ca,train
ex_000212,1,934f6964acc24991,train
ex_000213,0,32cea6e6d0442fd9,train
ex_000214,0,3172af19261770c7,train
ex_000215,0,0ada56b3f5327c0d,train
ex_000216,0,255bb769d143d80b,train
ex_000217,0,054400741b7b2648,validation
ex_000218,0,d04efbbe6de499bf,validation
ex_000219,1,3fdcfdea6c1f7ed1,test
ex_000220,0,ee88c3eefcf426fb,train
ex_000221,1,67e8aed618715bf8,test
ex_000222,1,df54d9f6ba60adda,validation
ex_000223,0,8e701f067eee2e66,train
ex_000224,0,76ef9cb73e323f88,validation
ex_000225,0,1ee0972c0c96de57,train
ex_000226,0,d0c0f42b255b0b7a,train
ex_000227,1,70da5d794206ad05,test
ex_000228,0,7f3722c315c4c0f0,train
ex_000229,1,ee6d180bfc3877c0,validation
ex_000230,0,1c0d788f2ace0505,train
ex_000231,1,e8288f0afdf6fbdb,train
ex_000232,0,bf38a3fda68180bd,train
ex_000233,0,3453f3f01429dd90,train
ex_000234,0,1bd03f623cca1473,train
ex_000235,0,edabed238686f9bd,train
ex_000236,0,3c0af95eacafe04a,validation
ex_000237,0,a3c36ff54d521df5,train
ex_000238,1,a443a4c6a490821c,test
ex_000239,1,e0b3abb19224ba5b,train
ex_000240,0,2a3d26a67cd71c13,train
ex_000241,1,fcec76c962498bb0,train
ex_000242,0,8915d4efe6f59ef9,train
ex_000243,0,09e87f6ed46f4cbe,train
ex_000244,0,efb1205e5805f6a1,train
ex_000245,0,fe6e4f5ae850d01a,train
ex_000246,0,9a5f440ea828d5e5,validation
ex_000247,0,0774edbaedb01eb1,train
ex_000248,0,c63a686e79c8d39f,train
ex_000249,1,34e8899312a57296,train
ex_000250,0,60b6d8cddbff8973,train
ex_000251,0,4d7f7e81ebb6f791,test
ex_000252,0,9564cd60c6a76d4d,validation
ex_000253,0,5ac2c1872e335fce,train
ex_000254,1,10e4f1c5a2fc1173,train
ex_000255,1,102a19c6b52a972f,train
ex_000256,1,bc01980e63947eb0,test
ex_000257,1,0caf82ce4c2e8b2d,train
ex_000258,0,209d5bdd95f2cc9a,train
ex_000259,1,ac9f638bd23dd366,train
ex_000260,1,72349e609953c477,train
ex_000261,1,4b3aeb2198bfa0b3,train
ex_000262,1,ceaa12ae0e03a0ec,validation
ex_000263,1,0d31cae03a58ba57,validation
ex_000264,1,1aa11bebfce0ebb7,train
ex_000265,0,61079dd1dd9f2331,train
ex_000266,1,8d5ce47dfd123a3c,train
ex_000267,0,a3aa56f277e87689,train
ex_000268,1,14d0e1acc726690c,train
ex_000269,1,00fa4a47e872305b,validation
ex_000270,0,771b64f9b6ef831c,train
ex_000271,1,0ffdbf0568a46675,train
ex_000272,1,92e779cce35b02cc,test
ex_000273,1,036ff034b09fc379,train
ex_000274,1,6764aae49654d95f,test
ex_000275,0,3ea5d6f19dd99707,train
ex_000276,1,f2ce4001f1d5f154,validation
ex_000277,0,afb56cb759ae780b,train
ex_000278,1,3a5dc81628e4d8d7,train
ex_000279,0,33a1584c6481e207,train
ex_000280,1,50b363a96b469433,train
ex_000281,0,43fab69e4fc65092,train
ex_000282,0,6d941bb948ed3299,validation
ex_000283,0,b610613fbe7de81a,train
ex_000284,1,a8b6e4037569e052,train
ex_000285,0,4e35fb0589fc5478,train
ex_000286,0,80cd170e02d15a55,train
ex_000287,1,f8beae65afcd849f,train
ex_000288,0,ef132253e65267db,train
ex_000289,1,e766cd261e075cbb,test
ex_000290,0,0cd2a583fc408cfd,train
ex_000291,1,f2e57426ce635a73,test
ex_000292,0,2222c639e17fa944,train
ex_000293,1,bd1a12e2a65bbf01,train
ex_000294,0,db310702bef9352a,train
ex_000295,1,c603b0ffe3ebf6f2,test
ex_000296,0,aa0d0f91b757ef47,train
ex_000297,1,5d914a521dfdf13a,validation
ex_000298,0,275b04bd58ee673a,train
ex_000299,0,970c420ffc6d97a4,train
ex_000300,1,f43e20e08eddb959,train
ex_000301,1,d0532cee9bdfaa3e,validation
ex_000302,1,547be29b717e8d43,train
ex_000303,1,239f87829ab75738,train
ex_000304,1,63c9c67de7a24b8e,train
ex_000305,0,a759ff0bb4381d19,train
ex_000306,0,75ed193715d8a01f,train
ex_000307,0,e29de4f44b1fe4f6,test
ex_000308,0,c0ec2f49c4c09854,train
ex_000309,1,55788d1868ea83bc,test
ex_000310,1,c1b412a183175d33,train
ex_000311,1,5e252ea4f60e0ea3,train
ex_000312,1,67ed67271f88a4f0,train
ex_000313,1,c0c9193c22621add,test
ex_000314,1,4359a0e9b55301a4,train
ex_000315,1,156719a246e6b25e,train
ex_000316,1,d845bd32aaf1a51c,train
ex_000317,1,01555e611f5de59c,train
ex_000318,1,2be49604ce1e7f24,train
ex_000319,1,c61088e7f13275f9,train
ex_000320,1,e99b25ea6e19f364,test
ex_000321,0,0407cd9b07affa77,train
ex_000322,0,8cae8a49fb1059f7,train
ex_000323,1,1795600ae747ad6e,validation
ex_000324,1,fb042b7fe6f55c75,train
ex_000325,0,ed654297fc196b92,train
ex_000326,1,a808521e4dd94924,train
ex_000327,1,f40b9a3aa5574bbe,train
ex_000328,0,8396637677ed77ad,train
ex_000329,0,5d46437c4ae19b03,test
ex_000330,1,5037e042af2961f6,train
ex_000331,0,30bcc66a620c789f,train
ex_000332,0,da78e1779b46e134,train
ex_000333,0,2582cf93ade6dab8,train
ex_000334,0,bfe199c9549c1956,test
ex_000335,0,cccf654b039f2e94,train
ex_000336,0,8043b6a184d781cd,train
ex_000337,0,6f4be266a1d18c25,train
ex_000338,0,a115d0d1d969dada,train
ex_000339,1,086087195c0bbfa3,validation
ex_000340,0,df574fe8c92543e2,train
ex_000341,1,1db7d138717a759e,train
ex_000342,1,b042afa9d8c7ab6f,train
ex_000343,0,e38e53037a47648c,train
ex_000344,0,0e11959b15da6a89,train
ex_000345,1,022e2609f67f563f,train
ex_000346,1,8e488a6ea693a226,train
ex_000347,1,fc6d1fedab498e1a,train
ex_000348,0,a1663a2906bc2571,train
ex_000349,0,aad9b1ed3078fe3f,train
ex_000350,0,b63067df56b3a7c8,train
ex_000351,0,4394612d6d9c37c4,test
ex_000352,0,61ab069b35131552,train
ex_000353,0,1b9502e2df95190d,train
ex_000354,1,24598096179824c0,test
ex_000355,1,7e269f46c7a6fbb7,test
ex_000356,1,527740984b85f781,train
ex_000357,0,adab0a861d6cdc46,validation
ex_000358,1,7dd6dcf538d62d08,train
ex_000359,0,302de2b434f0fdd5,train
ex_000360,1,03b6fafdcaec47d6,train
ex_000361,0,9fe39cadfbfe1e7c,train
ex_000362,1,c784f2d1f8b583e9,train
ex_000363,0,9f146b3017260688,train
ex_000364,1,c0004a4c4cf261db,validation
ex_000365,0,21bfa81b753de21f,train
ex_000366,1,7fbb5c38354dc337,train
ex_000367,0,2669cc0656dcce28,train
ex_000368,1,a1739a05ba36a82d,test
ex_000369,1,0b7ce75f60695c84,train
ex_000370,1,f61bb62d0090736f,test
ex_000371,0,e4165d87bb825275,validation
ex_000372,1,15f860e016902da2,train
ex_000373,0,f996350c0f853e33,validation
ex_000374,0,39b28f99706664d8,train
ex_000375,1,5cfaa7f9815e2bd8,train
ex_000376,1,e270d13cae876cc9,test
ex_000377,1,73a2b7e308f8d7f9,train
ex_000378,1,19454412eace4a85,train
ex_000379,1,6d2adb5c46d1144a,test
ex_000380,0,21cb3bc9b835792a,validation
ex_000381,0,c7983332a009c2e7,test
ex_000382,0,e1d10954fe4acc02,train
ex_000383,0,4978d88813f384b7,validation
ex_000384,0,42fa91eb37272567,train
ex_000385,1,91f8547eb478b50d,train
ex_000386,1,fa4cf13777bfa459,train
ex_000387,0,10fa157a0a323e47,train
ex_000388,0,c53d59f39a7587c6,train
ex_000389,1,c5c4b16b017894c1,train
ex_000390,0,601c00d42c5db344,test
ex_000391,1,21037f31a62617b9,train
ex_000392,0,97e4afc620a49858,train
ex_000393,0,2f643ed9268a84b5,train
ex_000394,0,4bac49d724a9045e,train
ex_000395,1,c0f7408386ca110c,train
ex_000396,1,199e01c3cd53b519,validation
ex_000397,1,c32e5a1766137d40,train
ex_000398,0,85cf20677dac85e7,test
ex_000399,1,a1ce20bc4aa07e01,train
ex_000400,0,cced4be6a6b3d7ec,train
ex_000401,0,417bdf38c9c98087,train
ex_000402,0,06363f0bc372de28,validation
ex_000403,1,eda5329ce292f7c2,test
ex_000404,0,791a9d50c1a64739,train
ex_000405,1,d90b29710298a407,train
ex_000406,1,fdc11642d6ef0a34,train
ex_000407,0,a2c090f3a15b12de,train
ex_000408,0,9b5e37fbc5b2bbdb,train
ex_000409,0,45846d51640aec33,train
ex_000410,0,e3ab05378cea9987,train
ex_000411,0,b1fca6ebc7591793,train
ex_000412,1,7a93e6f6d7ade031,test
ex_000413,1,366fe255a2a0589c,test
ex_000414,0,201be36596569082,train
ex_000415,1,0bd61766bc6ca38a,train
ex_000416,0,524e0cd3e533a318,test
ex_000417,0,a66372565b1965b5,train
ex_000418,0,dddcadb96ff50c8e,train
ex_000419,0,d00dd8c499e4ff83,train
ex_000420,1,3fe44a49beaaf6cc,train
ex_000421,1,3c9a5a487a1925dc,train
ex_000422,0,58a2a72d2d2d466b,train
ex_000423,1,e1e3485a78cbdbe6,train
ex_000424,1,d3549d3c33c753f0,train
ex_000425,0,23f9320edc801286,train
ex_000426,1,589ee75e524ea3f2,validation
ex_000427,1,dd895b46bd216266,train
ex_000428,1,928a06589c3a810e,train
ex_000429,1,001f413b692785ba,train
ex_000430,1,9e8dc0df5ebb4ef4,train
ex_000431,1,783e22e6790b2f24,test
ex_000432,1,5d0eb60e7cf9839a,train
ex_000433,0,338382e9de498957,train
ex_000434,1,0f8c66e048b482aa,test
ex_000435,1,315b99ccc0a7d0b2,validation
ex_000436,1,7d0170097b101cdb,train
ex_000437,1,46df4712896b9ded,train
ex_000438,1,06ed6cf3d1b9f046,train
ex_000439,1,6b2b6f74c0c9e1a1,train
ex_000440,0,82f45d909ab81e02,train
ex_000441,1,8d19e265b43d3ed1,train
ex_000442,1,b9fed00b3cc7dee2,test
ex_000443,1,47089a1efc882db7,train
ex_000444,1,d4d97a8a298ee009,train
ex_000445,0,f9defc89dd0c9d74,train
ex_000446,1,c25bc1b574775c1a,train
ex_000447,0,0d805bde598093d2,train
ex_000448,0,4842ec53e5797aec,test
ex_000449,1,7ec780605257f59c,train
ex_000450,1,2cf9a4772fbba9ea,train
ex_000451,1,bc075fbc38dfb6bb,train
ex_000452,0,f1f0bd37aa4d0af5,train
ex_000453,1,efb434f7538b6c22,validation
ex_000454,0,ca877413b93debcc,test
ex_000455,0,bf58a68663662ca8,test
ex_000456,1,6370e821a6e5bd64,train
ex_000457,1,ff8842e4e6bd5f83,train
ex_000458,0,ea5a8cded1a71f4e,train
ex_000459,0,a530258b34fadf3e,train
ex_000460,0,6027bd834cef31d4,train
ex_000461,0,5047c140e761d5a2,train
ex_000462,0,965eadf5e4561850,train
ex_000463,1,c6bde48a9f30373c,train
ex_000464,0,18e75655fff3b680,test
ex_000465,0,666fb5602db49c99,test
ex_000466,0,bcab7ed09b168dc8,train
ex_000467,0,79b174135c0bdcf2,train
ex_000468,0,09d0693d15c816e8,train
ex_000469,0,877a2817ad047f06,train
ex_000470,0,2751a5a7f73eefc3,train
ex_000471,0,a7f474c100b1710b,train
ex_000472,1,1699727d139c4a58,train
ex_000473,1,5c582982443d772c,train
ex_000474,1,32435cb50a9dc72e,train
ex_000475,0,cb19f6df56bc6a09,train
ex_000476,1,c45343d4aa8e3b37,train
ex_000477,1,8f224ecde59a8559,validation
ex_000478,1,edb33042656b5369,test
ex_000479,1,420d51da9f17fe91,train
ex_000480,0,d8dfb76ad73e4812,train
ex_000481,0,3a81e9f1f1107835,test
ex_000482,1,837725150e04d65b,test
ex_000483,1,70d0cd3511f6dcbc,train
ex_000484,0,8cb3937c81710503,train
ex_000485,0,ab4b6e4edff3689d,train
ex_000486,1,2dcfb75ece123d38,train
ex_000487,0,3cdbe898a6f1129d,train
ex_000488,1,6b7d304c5262a3c0,train
ex_000489,1,c4ba4b0d06359059,train
ex_000490,0,78204cb69665f55d,test
ex_000491,1,d25c33914dfa10ae,train
ex_000492,1,f114ac85550755f9,validation
ex_000493,0,4c342e6931017019,validation
ex_000494,0,5e29d63d3c50b21d,train
ex_000495,0,ef1b4e7328998456,train
ex_000496,1,65c9327af650d054,train
ex_000497,0,710629878ca5bb68,train
ex_000498,1,0e69c4d3baeb26c9,train
ex_000499,1,32654603834790cc,test
ex_000500,0,bc64fcc2d3ed519c,test
ex_000501,1,081962eef2eac3f9,train
ex_000502,1,75ec6b9675580e9a,train
ex_000503,0,13e7191d9a9a03b5,validation
ex_000504,1,eb2bd02e3a3ce375,train
ex_000505,0,345ea87af4f470db,train
ex_000506,1,44bec27858bc700c,train
ex_000507,1,c559b9e3fe6199f6,train
ex_000508,0,39860748eaa17002,train
ex_000509,0,32bb4c06d41770bd,train
ex_000510,1,33af515bc1b93362,train
ex_000511,0,486bb8f811f8234a,train
ex_000512,1,dcd52fb5c7e027f1,train
ex_000513,0,810204d9a51568f7,train
ex_000514,1,8713b293973a7238,validation
ex_000515,1,b8c4f84acc4d770c,train
ex_000516,1,73fe72d387ab10fb,train
ex_000517,1,e8fe31c73eaf1d60,train
ex_000518,0,1d2f1460fa451637,train
ex_000519,1,efe99f693a731e0b,train
ex_000520,0,ad4c26a251ef86cd,train
ex_000521,0,20c52b9c2001bc7f,train
ex_000522,0,33d64cd144f47d01,test
ex_000523,0,47c1414fc52bb879,test
ex_000524,0,6033c0e54f61bf2f,train
ex_000525,1,24b951dd72e4e757,train
ex_000526,0,0e7099804e7467d5,train
ex_000527,0,a60c2225a6569c11,train
ex_000528,1,f41e80019b45c01c,test
ex_000529,1,1ddedc3f740dde5a,train
ex_000530,1,42ca419f86d61f73,train
ex_000531,1,1a88b41537831c3a,train
ex_000532,1,fc0c6ac5952ebea1,validation
ex_000533,1,8faec16bc610f872,train
ex_000534,0,dad89f3377ab6e93,validation
ex_000535,0,2b6a0ad7b839f379,train
ex_000536,1,348cbd6f094abb60,train
ex_000537,0,6b0373d3c7063189,train
ex_000538,0,ba3ff6574dbd2e10,train
ex_000539,0,5ddead118e9216dd,train
ex_000540,1,ad9d4ac98aedd389,train
ex_000541,1,5d827edf9d080aeb,test
ex_000542,1,7f82368266c59cfd,train
ex_000543,1,976c163dd7876751,train
ex_000544,1,27df4df18603fd38,test
ex_000545,1,66bc3fcdccfeacea,train
ex_000546,1,9b0e69173b7c43a8,train
ex_000547,1,926259ac59397efa,train
ex_000548,1,1335c42e4da93d25,test
ex_000549,1,cdc59559cc99aabd,train
ex_000550,1,c4a6fce266f91139,train
ex_000551,1,5027bfdd49c511ef,train
ex_000552,1,b3699eafb9505ac7,validation
ex_000553,1,87d84240642c775f,train
ex_000554,1,55441e1eb6670938,train
ex_000555,1,ba6729ae45eb4c17,test
ex_000556,1,af597795f5cdac75,train
ex_000557,1,577296e415559d4d,test
ex_000558,1,4c5b088f56c38e0e,validation
ex_000559,1,c76825fba739f8b6,train
ex_000560,1,5912a176aef87647,train
ex_000561,1,e496a9e116f08401,train
ex_000562,1,f01617829b137f3a,train
ex_000563,1,d2639bef15917764,train
ex_000564,1,d5934088a76c945e,validation
ex_000565,1,7b37fcfa5e34ec87,train
ex_000566,1,2df8cd8325848b4c,validation
ex_000567,1,0137697919d0912d,train
ex_000568,1,659264830af912fa,train
ex_000569,1,d30503b8ee714a5e,train
ex_000570,1,ea80cd2f7078162d,validation
ex_000571,1,88fa98a508818d59,train
ex_000572,1,ee20bfa16a3be215,train
ex_000573,1,6ba724b6c9db7bd5,train
ex_000574,1,674254caa8d5f2e6,validation
ex_000575,1,4c958df358f6fd53,train
ex_000576,1,10606d3da8d45f39,validation
ex_000577,1,7011174072ee3fc4,train
ex_000578,1,b78e712306d75366,train
ex_000579,1,a7c020b1767e4518,train
ex_000580,1,17da41671269b2b0,train
ex_000581,1,96d51428e1182ae7,train
ex_000582,1,970733f74c26c64f,test
ex_000583,1,be7ec24129fc38b2,train
ex_000584,1,cfefd0dceff72822,train
ex_000585,1,8e000614bd16f819,validation
ex_000586,1,8e30b26fec82beb1,train
ex_000587,1,4902a6cf903edbcb,train
ex_000588,1,a15ac0ea95377f9d,validation
ex_000589,1,3da9a975c76593ab,train
ex_000590,1,cda4ab85826fc7b1,train
ex_000591,1,ccbd7c6fcd6f3688,train
ex_000592,1,33bd922b55408829,train
ex_000593,0,54d8c0356787a8c7,test
ex_000594,0,86e01c9787311481,train
ex_000595,1,564e929245ff9d43,test
ex_000596,1,183907c4f405ed4b,test
ex_000597,1,0eaedc1fe2cceffa,train
ex_000598,1,0b4bc635e3845015,train
ex_000599,1,b0a28c52a649b3e0,test
ex_000600,1,73d8cd917df285a8,train
ex_000601,1,c6f7287d68bcdf75,test
ex_000602,1,9eae812b70d18b26,validation
ex_000603,1,9d7f6c7a403e1165,test
ex_000604,1,0782b992c28581de,train
ex_000605,1,a37041ccffe9f01a,train
ex_000606,1,4ba5a1447c804f98,train
ex_000607,1,dafa7d2362cd8df8,train
ex_000608,1,6c1061fa55c0acb7,test
ex_000609,1,ca004e92403dd781,test
ex_000610,1,012fa9269d2f4acf,train
ex_000611,1,e68d9dcffa448ac9,train
ex_000612,1,414ac079605d59ee,train
ex_000613,1,1781123a9cacb031,train
ex_000614,1,89d23e752327af9b,train
ex_000615,1,e40d0a6202bdea02,train
ex_000616,1,4bf9c9baf61fb33a,train
ex_000617,1,e9e50fe74dc2a5bd,train
ex_000618,1,f1820a7959061adf,test
ex_000619,1,9c4b38f2759856b1,train
ex_000620,1,7ef3cf2775c9e619,test
ex_000621,1,872692ab3b9ad8db,train
ex_000622,1,f49c8649c4c2bd08,train
ex_000623,1,b3cdca3de7738604,test
ex_000624,1,e4598a09e7e60bc9,train
ex_000625,1,f8088f7683aa459d,validation
ex_000626,1,464ee8f8c314dc4d,train
ex_000627,1,56215fec79685ef3,validation
ex_000628,0,6649de550fd56447,train
ex_000629,1,f0512b768ddb1765,validation
ex_000630,1,5459ca36ba81f0a5,train
ex_000631,1,b647d7c3bde84485,train
ex_000632,1,35e67850baa48d0b,train
ex_000633,1,0441315d4f4f9f81,train
ex_000634,1,378cd89feb319644,train
ex_000635,1,1c20db09f5e918f2,validation
ex_000636,1,603a4a3a68b21e9b,validation
ex_000637,0,6a75653ae2568974,train
ex_000638,1,aab6274b4b8be132,train
ex_000639,1,2a8fb4c64b77e380,train
ex_000640,1,a763d445696f3d1b,train
ex_000641,1,394e30be1d41ad5d,test
ex_000642,1,1edc36d649b7c4db,train
ex_000643,1,56dff7910bf7fbea,test
ex_000644,1,80170b63098f91a8,train
ex_000645,1,18524b17cbe1320a,train
ex_000646,0,f3cc97cc691b5295,train
ex_000647,1,af0a525c313f4bbf,train
ex_000648,0,22909e506a597ebf,train
ex_000649,1,8a702ec03e9e6642,train
ex_000650,1,a4b748263f1a3765,train
ex_000651,1,6258fc6619eafcc6,validation
ex_000652,1,55aa4173d33388d4,train
ex_000653,1,9cd602496376e2ba,test
ex_000654,1,88e136f910ea0b12,train
ex_000655,1,8eb73923f120ae0b,train
ex_000656,1,7028b611e5fbe97f,train
ex_000657,1,a78c62aed9b0820b,train
ex_000658,1,d3a15561089d6843,train
ex_000659,1,f96afa9d7b0fbf75,train
ex_000660,1,bd59a8e9428e1a55,train
ex_000661,1,8e7a7f19c2755255,test
ex_000662,1,3bd97aa703da019c,train
ex_000663,1,d4e2ebfe05f1b163,train
ex_000664,1,905cdf24f137a840,validation
ex_000665,0,dce4f4548af81501,validation
ex_000666,0,40923859210f01e6,train
ex_000667,1,8d9474408aac708c,train
ex_000668,0,92b85fbcec97eb2b,train
ex_000669,1,e70ca23b376cb9d7,train
ex_000670,1,1083db1f93f4d4f5,train
ex_000671,1,ff39374c4f7f1458,train
ex_000672,1,8f14aa7a11a4ebd0,validation
ex_000673,1,72ef8a04bad93f60,train
ex_000674,1,1ffa4f943dc81e94,train
ex_000675,1,bc6b46a7259419cd,train
ex_000676,1,354d18e48688f6b0,test
ex_000677,1,a5e1f17ea4502c08,train
ex_000678,1,88b51cbc5fd29eef,train
ex_000679,1,fc0573df2977a838,validation
ex_000680,0,45e24de61ac0ff54,validation
ex_000681,0,b2f75f93b59aa6eb,validation
ex_000682,0,beb622c6dc2b6126,validation
ex_000683,1,8600285f3765e98f,test
ex_000684,1,e94361ad58f39783,train
ex_000685,1,0136242a08915e17,test
ex_000686,1,a32314b42252a636,train
ex_000687,1,6dd11eb97b0ec9f4,train
ex_000688,1,d5fec17c6bb0c5db,validation
ex_000689,1,32c9931a0adaf579,train
ex_000690,1,54c80fbf5b657fc3,train
ex_000691,1,97bd1437c4fe9585,train
ex_000692,1,90749f1105490db9,validation
ex_000693,1,22bb3dc5f114d94d,validation
ex_000694,1,fcadefbcacd23b45,train
ex_000695,1,761037613ed65924,validation
ex_000696,1,da32298cb9aae308,validation
ex_000697,1,fb28366be87cef29,train
ex_000698,1,f194efa1df741407,train
ex_000699,1,ad6ed8fe124bbc8c,validation
ex_000700,1,6566113a5de36719,train
ex_000701,1,c05db88ad7ac92bb,train
ex_000702,1,911727b7a8ced250,train
ex_000703,1,390b08171b4b0df8,test
ex_000704,1,69251963f8675383,train
ex_000705,1,ffc7a1d1fe65d426,validation
ex_000706,1,c553709d9884d582,train
ex_000707,1,159f3ce901a51010,test
ex_000708,1,6999156e76546d27,train
ex_000709,1,00dcf36c023fdd12,train
ex_000710,1,e410fb482d37c8ed,validation
ex_000711,1,c1829686c975cd06,test
ex_000712,0,9deec9cf621fbd2b,validation
ex_000713,1,c47da0327114706a,train
ex_000714,1,5b782c49b07ac459,train
ex_000715,1,0bb217d0bdf1e3d0,train
ex_000716,1,1b9850300687f68a,train
ex_000717,0,593c848d445c5bac,validation
ex_000718,0,78568d784df3ee35,train
ex_000719,1,28ab2e39ceed1a8d,train
ex_000720,0,379c4e5aed0b0561,test
ex_000721,1,b1eedbb6d6235ea8,train
ex_000722,1,fa0a688607e49a76,train
ex_000723,1,07c7b06f87ce4678,train
ex_000724,1,5be6009ad9405ba9,train
ex_000725,0,250cfc5860d5f3da,validation
ex_000726,1,0f4c0738bc088598,train
ex_000727,1,265bb309ddc3670f,test
ex_000728,0,f0688dff02a9cf2b,train
ex_000729,1,0b728cf8e546df3c,validation
ex_000730,1,5cbe7401f1c75f65,train
ex_000731,0,59ec9e57cca832a3,train
ex_000732,1,618a71e77c86b63e,train
ex_000733,0,6ed655eb917b5c69,train
ex_000734,1,5665c78f137f53f2,train
ex_000735,0,559a37be4ba9ddbf,train
ex_000736,0,3246b50afbe5f052,train
ex_000737,1,7967ffd49999638c,train
ex_000738,0,2603b0e53080c310,train
ex_000739,1,f45cacd8d4eb303f,train
ex_000740,0,6f253cd5bec40357,train
ex_000741,1,377bb8dfa9b8e076,train
ex_000742,0,f1e8d2562e573706,test
ex_000743,0,ab8c704ccb81910f,train
ex_000744,0,f1fddd788c67815e,train
ex_000745,1,c4d4b1c29be9d549,train
ex_000746,1,ad067fd8f143e09e,test
ex_000747,1,3a3a5acaddbd031f,train
ex_000748,1,ec40ed9c54ddee2f,train
ex_000749,1,4132d389043673cf,validation
ex_000750,1,26c4e76978a4b818,train
ex_000751,0,232a646ffb2ad4ad,train
ex_000752,1,94e86b07647ba9f2,test
ex_000753,1,60a6706bd6d35412,train
ex_000754,1,cd00fb8a89069441,test
ex_000755,1,87672b220dc8093c,train
ex_000756,1,605000f9bb00a3d0,train
ex_000757,0,4c4de719560837ad,test
ex_000758,1,ce048e0aa5fa541c,train
ex_000759,0,d674f243ca0cb142,train
ex_000760,0,089afdc17268f231,test
ex_000761,0,9c0bb9b1ada19463,train
ex_000762,1,75ef39467927d000,train
ex_000763,0,c52de3f0a10d4abd,train
ex_000764,1,6a8fc4cfedaf5d12,train
ex_000765,1,e696d9014f2b807e,validation
ex_000766,0,3bd3394d77f4eca5,train
ex_000767,1,fcc9cd028e8e660a,train
ex_000768,1,8d94da612b1f8254,validation
ex_000769,0,ab4580132b996758,train
ex_000770,1,025d1a6af2b7aec3,train
ex_000771,1,8c3390930efddaa3,validation
ex_000772,1,88774947ffbd6971,train
ex_000773,1,2651068c3e402e6b,train
ex_000774,0,104288a4daf846a1,train
ex_000775,1,58e60bd82875223a,train
ex_000776,0,f39f020a050661bb,train
ex_000777,1,73d8fe86e82df91c,train
ex_000778,1,a6eb943a610c5f92,train
ex_000779,1,1321c46a0c959c78,validation
ex_000780,1,875664ea4304ea72,train
ex_000781,1,eabd305addcc2647,validation
ex_000782,1,8112e2b00f46550b,train
ex_000783,0,ea8eca415fae1be4,test
ex_000784,0,6d45055031ff9e3f,train
ex_000785,0,1b71d59ddedb9d9d,train
ex_000786,0,b6f1d58f4cf40622,test
ex_000787,0,4f9d3ccef3a025a6,train
ex_000788,1,8ee221b034b90e87,train
ex_000789,1,48d0b00da438e3e4,train
ex_000790,1,84229d2e49abdf33,train
ex_000791,1,427c781871018e2e,train
ex_000792,0,2eb00221e7bf0e8a,train
ex_000793,1,7c6cad1c7f79b489,test
ex_000794,1,250155b87148584c,train
ex_000795,1,ba7619be50875cba,train
ex_000796,1,83bce5ff29d6f8ab,train
ex_000797,1,20155d1e9fc50b4b,train
ex_000798,1,ea68d6b677a46e86,validation
ex_000799,0,c02a549e79daba95,train
ex_000800,0,acf63f4a6c9755fd,validation
ex_000801,0,8bcf803bca04937a,train
ex_000802,1,92e20f7979302e6a,train
ex_000803,1,7f1ac6a238c80e29,train
ex_000804,0,b2ea8ca203646e69,validation
ex_000805,1,eb653449fa5b9cda,train
ex_000806,0,2acb4634283da9ba,validation
ex_000807,0,cdeb309bd7ffe295,validation
ex_000808,0,c8d65df8636a2244,train
ex_000809,0,c330eb518601b215,train
ex_000810,1,69536af91e6cdf58,train
ex_000811,1,58d890b11a597e2b,test
ex_000812,0,990018cd1de8f793,train
ex_000813,1,80a54489b75657ba,train
ex_000814,0,9e3e2501b83cd163,train
ex_000815,1,a551109dabcc306e,train
ex_000816,0,07b372a6d441a224,test
ex_000817,1,ca96ed7b9cf853fc,validation
ex_000818,1,ddda63163bb409f4,train
ex_000819,1,309c9b39ef7c4a2d,train
ex_000820,1,15f37c8af3b82383,train
ex_000821,1,61beee4034562160,train
ex_000822,0,4551e5c627fae918,train
ex_000823,0,5461ada6a2a4c2eb,train
ex_000824,1,d9198dbb38be7948,train
ex_000825,1,83e7aae1006164ee,test
ex_000826,0,8b9c3fe4d453b9c0,train
ex_000827,1,377818cb12f3c0db,train
ex_000828,1,f64b8599bfe9d8ab,train
ex_000829,1,aa7d078613a19e8b,test
ex_000830,0,2dabe660c040645d,validation
ex_000831,1,b6d066abcc05fe1c,test
ex_000832,1,7efd6d833186a64b,train
ex_000833,0,6da3f4269627fdd8,train
ex_000834,1,e4f538ababa397d4,train
ex_000835,0,f69b08c4075ce42d,train
ex_000836,0,97e5806f0ea62d32,test
ex_000837,0,2e5a3b8068e564d9,train
ex_000838,1,155010794335a4a2,train
ex_000839,1,fa55306894735edf,train
ex_000840,0,54af549bc85203d3,train
ex_000841,0,eedc26f6bc31ec62,train
ex_000842,1,a84ae39da40e44fc,train
ex_000843,1,41574aaa312d8cf5,train
ex_000844,0,cccb137d5bcd4617,train
ex_000845,1,e9d3f05121699752,train
ex_000846,0,fa004d777796420e,train
ex_000847,0,7b27030dccff9ca6,train
ex_000848,0,b407aa3d029ec816,test
ex_000849,1,124fc9d45386944f,train
ex_000850,0,0f03d07b0965bf80,train
ex_000851,1,4cb13e23ce26f366,test
ex_000852,1,2db86cc17c41ff30,test
ex_000853,0,5df7f18bb69b6090,train
ex_000854,0,8cc040c6f3f302a8,train
ex_000855,0,694f45c4a7d16d8b,train
ex_000856,0,95e6b30a801ef7d9,validation
ex_000857,1,b74beb4e5591018e,train
ex_000858,0,935a6f301b5e863e,train
ex_000859,1,3a72b08163ec5e66,train
ex_000860,0,6147bc52d0cc1aab,validation
ex_000861,1,d855a1de9092d305,validation
ex_000862,0,7e90e0de5bc8d47e,train
ex_000863,1,9942f54d9694859f,train
ex_000864,0,a75c09dc6450dde2,validation
ex_000865,1,d084e0b1dbaa8292,train
ex_000866,0,e1498e4043d285f8,train
ex_000867,1,1d22ffb94bc74793,test
ex_000868,0,5c3e23995270da22,train
ex_000869,1,6ba8e22529f00884,train
ex_000870,0,652a69a089f6e136,train
ex_000871,1,4ebb403c87f8e219,train
ex_000872,0,efd0cbd4bef2877d,train
ex_000873,1,da2525e8e23e3a6b,test
ex_000874,0,c64011dfec0bfc74,test
ex_000875,1,8c94e56851a88737,test
ex_000876,0,26ed182c4586758a,train
ex_000877,1,dfb74ab3e57bb492,train
ex_000878,1,0874334f24643986,train
ex_000879,0,b813f9cd43fbc979,train
ex_000880,0,20cad42e91ae80fa,validation
ex_000881,1,fd2a090896865e4a,train
ex_000882,1,c3c0f831ef7c17d1,train
ex_000883,1,5def62da830d4163,validation
ex_000884,1,10f41e96d107fbf0,train
ex_000885,1,fa9c207e08bc20d4,validation
ex_000886,1,cd57e9f59536fe05,validation
ex_000887,1,f76e5c1c432a7f99,train
ex_000888,1,6022fea3169a2fff,validation
ex_000889,1,1a763a46f36009a2,train
ex_000890,0,e087002483a6ddf0,test
ex_000891,1,0cac8eb3d61997c1,test
ex_000892,1,8e5d912c2f8c00e4,train
ex_000893,0,0e9e8fb61e4105f3,train
ex_000894,1,5e3dac4eeabe3861,test
ex_000895,0,0c9036a485fab1db,train
ex_000896,0,5a9cc9531b750967,train
ex_000897,1,fbab25a69327d1e9,train
ex_000898,1,c9c8d1d1bf646d06,test
ex_000899,1,f75bd46f77502f5e,train
ex_000900,0,fe1df4519b9965fd,train
ex_000901,1,6e2e7162ccb40747,train
ex_000902,0,fdb9f538b71681d0,train
ex_000903,0,abbf391307167c1b,train
ex_000904,1,c858b880ad3322fc,train
ex_000905,0,3dc53de9d8a8983b,train
ex_000906,0,ca9bb069952b9007,train
ex_000907,1,a6a3fc5c2eb828f8,test
ex_000908,1,419e447d6b10052b,validation
ex_000909,1,b5ba09d06d3555e3,validation
ex_000910,1,0703f518cf8f8258,train
ex_000911,0,03c92f5c9baaf41d,train
ex_000912,1,6852774a22fe1d6c,validation
ex_000913,0,0d1ec5db8fa73b4a,train
ex_000914,1,984ba3c917a1d1b9,train
ex_000915,1,f8a33cdb93e2b291,validation
ex_000916,0,95f6042a53d62cfb,train
ex_000917,0,19d2e6c45afc0e56,train
ex_000918,0,e8f41ae15e191f24,test
ex_000919,0,d1c6e5600105f5ee,train
ex_000920,1,f4e6f5c326eee942,train
ex_000921,1,cf254a78c86da647,train
ex_000922,0,f5f7a9308c1299c0,test
ex_000923,1,d5d415bda49a7555,train
ex_000924,0,7678a08d351a0361,train
ex_000925,0,c30a49deb07e5bd6,test
ex_000926,1,7d984dc2a81041fc,test
ex_000927,0,43e918068573a06f,validation
ex_000928,1,6ba3ba4f81f0bf93,train
ex_000929,0,39a3b96fc10089ba,train
ex_000930,1,2b2c8887f50d103c,validation
ex_000931,0,ab25708e51e5d819,train
ex_000932,0,a884554409d1e9ca,train
ex_000933,1,11d1132359847944,train
ex_000934,0,a464155317143cdd,train
ex_000935,1,92ada63942fe9863,train
ex_000936,0,d71ef7a97f8aa3d3,train
ex_000937,0,56ac73a45e786ae9,test
ex_000938,0,2b2411ecd9dbd2ff,test
ex_000939,0,defcdc38fee4203e,validation
ex_000940,1,6c9cdb72fc432a91,test
ex_000941,0,6e5d87b42de609c7,train
ex_000942,0,2b50b505e7d2a787,train
ex_000943,1,146c50ced43e6c14,train
ex_000944,1,71b6dc9b628c19b7,train
ex_000945,1,00cb01033b5f3e62,validation
ex_000946,1,c22c7c323eca8201,train
ex_000947,0,260268303f76fad6,test
ex_000948,1,39b9d033eac9a8df,validation
ex_000949,1,d88a5a97dcb05e69,validation
ex_000950,0,bfdc41b096132727,train
ex_000951,0,3df4b550eab0d53d,train
ex_000952,1,5c8bc6f3bad39121,train
ex_000953,0,fbe60e54dbbb5b0f,train
ex_000954,0,d82123f520478512,train
ex_000955,0,f6048f5d4ac56759,test
ex_000956,1,4969bee758b32e79,train
ex_000957,0,5936e79bccd2c85b,test
ex_000958,1,83d7ff9e112a8ab7,train
ex_000959,0,6da56c1330d1d49b,train
ex_000960,1,9fa36f998abfb014,train
ex_000961,1,608276a866355409,train
ex_000962,0,766dda63863a268e,train
ex_000963,0,ebe8aa4dd88b2286,test
ex_000964,1,e8f78d6f36d57049,train
ex_000965,1,7ab81cb65315996d,train
ex_000966,1,5e7020a2c2471824,train
ex_000967,0,b76c76ea63100b43,validation
ex_000968,1,fc6932f00351d5c6,validation
ex_000969,0,c49b98a0990620ba,train
ex_000970,0,e4f1a7e392c637b9,train
ex_000971,0,7dbd001bd7bd3536,test
ex_000972,0,8a10c19cd58255ca,test
ex_000973,1,89f64a4a00dc876f,train
ex_000974,0,a6daf2c2b7353a86,train
ex_000975,1,728a179d02da8174,train
ex_000976,1,f03ba8c72fef2940,validation
ex_000977,1,8d0a12d920e7a5ef,train
ex_000978,1,523648655114608e,train
ex_000979,0,41ecbea63249945c,train
ex_000980,1,4a99626322534fac,train
ex_000981,1,15c98929ec6ca62b,train
ex_000982,1,7213075d42467b5f,train
ex_000983,1,f6f11a9acd9e5487,train
ex_000984,1,5c87f5b66c9a747f,train
ex_000985,1,1451cf8e4a4d2375,train
ex_000986,0,2626a5f72ac2d046,test
ex_000987,0,766c81f61d1b8eb0,train
ex_000988,0,ffd24ff0416288d7,train
ex_000989,0,ad1fc717d502832c,train
ex_000990,0,7d3819f971053bc2,train
ex_000991,0,70ed160408217f6d,train
ex_000992,0,5b4471a5d4b55856,train
ex_000993,0,0b79058cedc7d673,train
ex_000994,0,b58d296bf7b7ec28,train
ex_000995,1,19d8e18ba5655607,train
ex_000996,0,ea36c22f0b3ccef6,test
ex_000997,1,5293ca4a8ab5900f,train
ex_000998,0,aa0affcf769af93a,train
ex_000999,0,6fa6ef15c72a9a84,test
ex_001000,0,d8785e537df62416,test
ex_001001,0,6b8adc3f3ff03091,train
ex_001002,0,0ce083dae1ef9a31,test
ex_001003,0,3385c8d49e1e9470,train
ex_001004,0,58619d5f537ac811,train
ex_001005,1,c9acbac6bd594dad,train
ex_001006,1,db1bdeeefdec7ea0,validation
ex_001007,1,49c6f71a0e2c7ed9,train
ex_001008,0,b4ac34fde55ae33b,train
ex_001009,0,ac1bd4cf08931115,train
ex_001010,0,6e020fda0d798646,validation
ex_001011,1,ad3f3c492904cefb,train
ex_001012,1,dbef90e3dee54005,validation
ex_001013,0,860bb0d58d78bf6a,train
ex_001014,0,5fb6b35378ca388c,train
ex_001015,1,d68ca4b29a11995b,test
ex_001016,0,0993ea7509e1922e,train
ex_001017,0,28bdf17315d26777,train
ex_001018,1,690c314dc2cd294b,validation
ex_001019,1,4f25c7edc750ed98,train
ex_001020,0,30c8cc518c633219,train
ex_001021,0,9ee2ee950e9f9c26,train
ex_001022,0,016070ab7064b36b,train
ex_001023,0,f63920c39b32396a,validation
ex_001024,0,b58382b816244fe3,train
ex_001025,0,785df21cb6f38d27,test
ex_001026,1,c51c3e8d60cb77e6,train
ex_001027,1,b5cb395b7e9e59f4,test
ex_001028,0,cf37a6689062a81c,train
ex_001029,1,6ec10facd6ce69d5,validation
ex_001030,1,2ae37302d62deece,test
ex_001031,0,8f4bc92b8ad5eda6,train
ex_001032,0,82f03d9cc4b92799,validation
ex_001033,0,aff56017b5735347,train
ex_001034,0,b79e6857e6da7e44,train
ex_001035,0,ad0a956be85d0a39,validation
ex_001036,0,9e0c38aaac2efd5b,train
ex_001037,1,1e4b1ffe12d4f8fb,test
ex_001038,0,c58769370a695db5,train
ex_001039,0,762f6fbd65a0df88,test
ex_001040,0,6f44a620dad228aa,train
ex_001041,0,7342e0e0118fb0ab,validation
ex_001042,0,5278b9eae3b6610e,train
ex_001043,0,afc9fb17092f348a,test
ex_001044,0,506d64cd559808f8,train
ex_001045,0,f390859491974a01,train
ex_001046,0,ad0fb163e2946de9,train
ex_001047,0,3eb60dded8b4c4e4,train
ex_001048,0,e22480f2eb10699c,train
ex_001049,0,eecefe6f67b14842,train
ex_001050,0,93c53fd17a61a183,train
ex_001051,0,4ceb804ee6608290,train
ex_001052,0,4446b4a3aa642722,train
ex_001053,0,85e3cbb4ae927753,validation
ex_001054,1,b4a18810de96a56c,train
ex_001055,0,c8510b500222d8f5,train
ex_001056,0,67841c7400e222e6,validation
ex_001057,0,76f9e90275f99773,train
ex_001058,0,d91463066a297dbc,train
ex_001059,0,cac420ff8a32ffc9,train
ex_001060,0,61d1ab204b8e9b2f,train
ex_001061,0,5a94f3f5b43d8108,train
ex_001062,0,6c1733727f97c9f8,train
ex_001063,0,ca2320af59f61d3d,train
ex_001064,0,e4f0cd67e4555aeb,validation
ex_001065,0,a626f39c590000c0,train
ex_001066,1,cfbd180cc375af58,validation
ex_001067,0,20434c8d943d676e,train
ex_001068,0,703bfdc2b2c92950,train
ex_001069,0,de82541ab54625c1,train
ex_001070,1,394db6127dcdea6b,train
ex_001071,0,3631cbf62c9daacf,validation
ex_001072,0,730933f96bc145dc,train
ex_001073,0,5b33a84c931a40b9,test
ex_001074,0,3fd157314a0a9849,train
ex_001075,0,5d97b202d6845240,train
ex_001076,0,b0ddb204b0204cb5,test
ex_001077,0,41b1a2d3aa1dc180,train
ex_001078,0,7476a4c32c375105,train
ex_001079,0,e3947503206bfd9f,train
ex_001080,0,277d168ff9562fd8,train
ex_001081,0,fddbff96a9bfd1c7,validation
ex_001082,0,a44f4435ba3bd179,train
ex_001083,0,5dc389e6614b5a3c,train
ex_001084,0,df849a9e4f1a70b6,train
ex_001085,0,6ef9382519682778,validation
ex_001086,0,f780bb1b4fe76f5f,validation
ex_001087,0,b2debe6227e3b5ac,test
ex_001088,0,54362c0f627f45bb,test
ex_001089,0,6790cab27b2647b1,validation
ex_001090,0,2c4529f35abe4502,train
ex_001091,0,8a5febe22b542f65,train
ex_001092,0,07e37e8c3db913f3,train
ex_001093,0,182dfcf5ac899931,train
ex_001094,0,b70fa2683a731dd8,validation
ex_001095,0,fcd3e31317bb86bc,train
ex_001096,0,5a873ea42f4890e3,test
ex_001097,0,fdd853f64796ca12,validation
ex_001098,0,35049c699ddcd1eb,validation
ex_001099,0,d4520d6f13333440,validation
ex_001100,0,74523ed468bb3906,train
ex_001101,0,674658ccc42b9ca1,test
ex_001102,0,c7e701ab2c82921f,train
ex_001103,0,53d8f626d67c9753,train
ex_001104,0,e7064dd6bef5c751,train
ex_001105,0,3d439795dfcbf0c0,train
ex_001106,0,efb48ac95706d9e8,train
ex_001107,1,7f45380e273f5267,train
ex_001108,0,23f9a84abf67e8e2,train
ex_001109,0,d0adf28e39014197,validation
ex_001110,0,bfbdba40f6a2c9c3,validation
ex_001111,0,7060963b535eb24f,validation
ex_001112,0,a518f251ba175f7b,train
ex_001113,0,a9ceded2bf6e4207,train
ex_001114,0,b8cdde0136cac408,train
ex_001115,0,eab62a74dc7544dc,train
ex_001116,0,38b625c1e6ca5844,train
ex_001117,0,f884fdb367f863a5,train
ex_001118,0,347efa38e4125c81,train
ex_001119,0,4f96c54c6e51887b,test
ex_001120,0,f175008bbb363983,test
ex_001121,0,6fb2e3cd07da98e7,train
ex_001122,1,62f65157de244ab8,validation
ex_001123,0,c7843c984cbfd6ec,validation
ex_001124,0,cf8d6a08eeb7a6c4,train
ex_001125,0,80cc8f1dc2fdc7f3,validation
ex_001126,0,c196cd8b1e54a962,train
ex_001127,0,b353d69f363f3397,train
ex_001128,0,3ec46a70d7eae703,train
ex_001129,0,b0c385a563cfec30,train
ex_001130,0,faa47751d148bf04,train
ex_001131,0,05a93d8c73e1011a,train
ex_001132,0,726bc932562dbd34,train
ex_001133,0,62fe9f0b62768ae4,train
ex_001134,0,dde1498f608dacd1,train
ex_001135,0,02a80084d7878cb8,train
ex_001136,0,9b13a7905f1ed22f,test
ex_001137,0,2008d16815b1a513,train
ex_001138,1,56133e792b710b13,train
ex_001139,0,ecd87fc901925853,train
ex_001140,0,4faa8b0918f10030,train
ex_001141,0,82d4d3adb8def4d4,train
ex_001142,0,0f1fe5abf3be8437,train
ex_001143,0,a829b3fa4bb88b2f,train
ex_001144,0,a671591a4f6d85ad,train
ex_001145,0,a86cb5b4183aaba8,train
ex_001146,0,f2d5bdfd9bfc3214,test
ex_001147,0,88557695a340dbb6,validation
ex_001148,0,66d619a4ea6c4a0d,train
ex_001149,0,a6df43f443ec7bf2,train
ex_001150,0,f584851704b0ff19,validation
ex_001151,0,60267594af15d691,test
ex_001152,0,08ba1f1c1ab53ced,validation
ex_001153,0,d5c8cd2c5aab5bbe,train
ex_001154,0,48d3e4b4f8e62c6f,test
ex_001155,0,4e8a2015db61049e,test
ex_001156,0,e42fc441a8f61151,train
ex_001157,0,b5c9d037ed90f0fb,train
ex_001158,0,05028d683e5fc0f7,train
ex_001159,0,5e9f0d87808a18c9,train
ex_001160,0,a36e74ec782c627a,train
ex_001161,1,9c76f1fef070c00b,test
ex_001162,0,6620596180b8806b,train
ex_001163,1,8c57ce916e757d58,train
ex_001164,0,334b0599f4adc498,train
ex_001165,1,dc54c468f53dd40a,train
ex_001166,0,f11a29f1c22b7376,train
ex_001167,0,7bcd6ba4addc93f9,test
ex_001168,1,3006953c647da3ca,validation
ex_001169,0,a70a717383a90d6f,train
ex_001170,0,e85bf5b07e4895eb,test
ex_001171,0,629e53dc9cc4506b,train
ex_001172,0,16bbc9308195bde6,train
ex_001173,0,0bcc5d93d81005ab,validation
ex_001174,0,2d43aa980f1f5afb,validation
ex_001175,0,3872bad5c3987b1b,train
ex_001176,0,6e0baf774977c347,test
ex_001177,0,3dca3bb94a9861ff,test
ex_001178,0,a3f072778acc4a98,train
ex_001179,0,9adfef1cb153e44a,validation
ex_001180,0,4e290d7eee13fd0e,train
ex_001181,0,3e36da7073b18b2c,train
ex_001182,1,67dc437d6d3b9035,test
ex_001183,0,22128c5acc9119f3,validation
ex_001184,0,39019b1973fb505f,validation
ex_001185,0,9536d45116412c7b,validation
ex_001186,0,61a9796188ae0833,train
ex_001187,1,73bb861d29ad7b77,train
ex_001188,0,4fb1a56de272a14c,train
ex_001189,0,070d6d8b990f5df3,train
ex_001190,0,5bca4eabf5f29fbe,train
ex_001191,0,069e7c082a32f63f,train
ex_001192,0,121d17e0ccbdd29b,train
ex_001193,0,ba0b09b640e00fe2,train
ex_001194,1,9f598a88c5dd0204,test
ex_001195,0,ea320cb3157bbf17,validation
ex_001196,0,29e213b09741102f,train
ex_001197,0,fd205beacd2fbe03,validation
ex_001198,0,6394743785680c34,test
ex_001199,1,8e8fcaed907bd262,train
ex_001200,1,5e77765d7ce31ee5,test
ex_001201,1,7d1dcb2fef567dbd,train
ex_001202,0,6d2e666ca0280b2d,validation
ex_001203,1,f13b152334c6f900,train
ex_001204,1,ea5687fbf77bf20d,validation
ex_001205,1,e44596f7f8d27857,test
ex_001206,1,8204aa84ff4ab6e4,train
ex_001207,1,d5d180a70fde21d2,test
ex_001208,1,67a24940b0dc86a8,train
ex_001209,1,05ad3239c835d479,train
ex_001210,1,3f354bd1bc638128,test
ex_001211,1,32cd19d05b56cc26,train
ex_001212,1,a598ff2cd4ebf538,train
ex_001213,1,a5d4b5a59cef8fb7,train
ex_001214,1,caf0708fa5f797b8,validation
ex_001215,1,a217e8f36fa9d010,train
ex_001216,1,6284e87030ea6504,train
ex_001217,1,9de5f2ed70b66b83,train
ex_001218,1,08f78100076c1d0b,train
ex_001219,1,fbed082730749305,train
ex_001220,1,674225865571cbc8,train
ex_001221,1,fa4af1d20340c778,train
ex_001222,1,d6a22bc1c9b8dd8e,train
ex_001223,1,7d294efdc1b70e7c,test
ex_001224,1,9ad06027f98b7196,train
ex_001225,1,d563bc0a5cd8a5dc,train
ex_001226,1,e2a63878b9c71458,test
ex_001227,1,59ba29a8e7f45e52,train
ex_001228,1,ddc9216750d96db6,validation
ex_001229,0,1cb706f4502a196f,test
ex_001230,0,fabff80dadc4c358,test
ex_001231,0,e936b09dca1d8966,train
ex_001232,0,442d3a0b0d348026,train
ex_001233,0,f5d979dac3878814,train
ex_001234,0,40006de1748bac55,validation
ex_001235,0,d07406bbbbabc408,train
ex_001236,0,8bfe0a86c82631cc,validation
ex_001237,0,0406e2d9844e0ff9,train
ex_001238,0,77c1de516d6b3f26,train
ex_001239,0,92d201da11322a9a,train
ex_001240,0,e815a1fc8633afe9,train
ex_001241,0,7c1c60c0122fe9b0,test
ex_001242,0,e700ba7fb27dd50d,validation
ex_001243,0,d02e7b9442b67137,test
ex_001244,0,db1054c3a45c96b5,train
ex_001245,0,1fa8d8bb450db228,train
ex_001246,1,312a50eb611b65e4,train
ex_001247,0,dc870c7528ac88eb,train
ex_001248,0,fbdcdbd30a555a4b,train
ex_001249,1,0df04af6fda0afec,train
ex_001250,0,c133d99a4e88bc2e,train
ex_001251,0,7e3a81e3da81af66,train
ex_001252,0,78facb44e98bf65a,train
ex_001253,0,a6c4b1faba15a189,train
ex_001254,0,4f12634ce48fd416,train
ex_001255,0,382ceeb66f298d6b,train
ex_001256,1,a8c1be6198887831,train
ex_001257,0,17c64eb6b785fef9,train
ex_001258,0,4eb2b21ce1ab288c,train
ex_001259,0,9927e91f785a6651,train
ex_001260,0,674c1ff819a50023,test
ex_001261,0,1adeebf38281977c,train
ex_001262,0,b31eecc39a67ca05,train
ex_001263,1,08a042675cb439f0,train
ex_001264,0,284b78f5884b44c1,train
ex_001265,0,d57e29bca5c5d290,train
ex_001266,1,2c7d292d74349d91,train
ex_001267,1,3cab81f0174b8b94,test
ex_001268,1,118654f214bd692a,train
ex_001269,1,38b396900bec1ca0,validation
ex_001270,1,a0acc6507c46a399,train
ex_001271,1,a5c7021ea83cf6ce,train
ex_001272,1,89cb07ef2ca47eba,train
ex_001273,1,b99238f84d89ac68,train
ex_001274,1,96493f3448764c97,train
ex_001275,1,f559731e6a1d1bd7,train
ex_001276,1,13d1bd1dd96bffff,train
ex_001277,1,7b3c6ec8f57fba8f,test
ex_001278,1,8cd90b18f4bad10c,train
ex_001279,1,1f9543a5cb656104,train
ex_001280,1,601083f4c16a45eb,train
ex_001281,1,8bd99d829d2221f4,test
ex_001282,1,73b7d428f263854f,train
ex_001283,1,4ab0234b35e6700c,train
ex_001284,1,2d6b0340401c400a,train
ex_001285,1,44dbefee4289edf2,train
ex_001286,1,2e42169c70f4b33d,train
ex_001287,1,4ab6cefb80f0cf24,test
ex_001288,1,a2d967979a4c052e,train
ex_001289,1,e38c668a947a7829,test
ex_001290,1,800f5efb1b00b7aa,train
ex_001291,1,67969e1bc6e8e5da,train
ex_001292,1,f2c66034aaef611c,train
ex_001293,1,4ca6259272679322,test
ex_001294,1,c5814628a3ae955e,train
ex_001295,1,629fddf18de746b3,train
ex_001296,1,206578331590ad61,train
ex_001297,1,2b292f843192afde,train
ex_001298,1,3cc92617d7b2d256,train
ex_001299,1,99c02db868fa56a3,train
ex_001300,1,ecfb75d02d2ab777,train
ex_001301,1,0ade1823b2713dbd,validation
ex_001302,1,08aacf132a6b630f,validation
ex_001303,1,54540d0e37131dfa,validation
ex_001304,1,798916d592b3fae8,train
ex_001305,1,c19f7a54c47b084b,train
ex_001306,1,c82424859189d51e,train
ex_001307,1,39864e762c95c455,test
ex_001308,1,1e083bd9f02d6b29,validation
ex_001309,1,8de39dec55450750,validation
ex_001310,1,ea60e203f59ead19,validation
ex_001311,1,af527db78b80214a,train
ex_001312,1,de88bbc4238d51f5,validation
ex_001313,1,5d0dcf5d9b41ccdc,train
ex_001314,1,8768154294a3f5fc,test
ex_001315,1,fa8519bee43c51c8,train
ex_001316,1,38a99cd572ad680b,train
ex_001317,1,ab93cd3faa969605,validation
ex_001318,1,da1d5bc5c390cdb0,train
ex_001319,1,21f21b6314498297,train
ex_001320,1,f0bdc02952e5bf9f,validation
ex_001321,1,b155453c9aed9020,train
ex_001322,1,3e04d9a3235458e2,train
ex_001323,1,b042ea0684b1775e,train
ex_001324,1,6a6c9c433175b522,train
ex_001325,1,ad849ad28a91c30c,train
ex_001326,1,d2e1c692340f3c5f,train
ex_001327,1,b8a1f6df8d270caf,train
ex_001328,1,66bbc03af203b111,train
ex_001329,1,9d2d914be08f23a0,train
ex_001330,1,7d42c1167f3b5630,train
ex_001331,1,00f6137261509501,train
ex_001332,1,e127cae22418909a,validation
ex_001333,1,2ef2c8a4f7be3fdc,train
ex_001334,1,8dfad479bfb81461,validation
ex_001335,1,50c38f6e6f151699,train
ex_001336,1,7572c5aebab38a20,train
ex_001337,1,ffff7265f32b10bd,train
ex_001338,1,2a8bd4ac22f5aa9d,train
ex_001339,1,e5020ff574c50bd0,train
ex_001340,1,018df784cc2eabda,train
ex_001341,1,a1116981c6ca005d,train
ex_001342,1,b3f5306430bfba9f,train
ex_001343,1,c50ad0bb2c3a156a,validation
ex_001344,1,dc318961b30fa825,train
ex_001345,1,72091db1737ef203,validation
ex_001346,1,7f0d1d4c852ab52a,validation
ex_001347,1,820f1f4a305f0301,train
ex_001348,1,1a6f607c93cceb36,validation
ex_001349,1,47be7bbce5ba493a,train
ex_001350,1,65b39e8efd80564c,train
ex_001351,1,aac05f4c2be576fc,train
ex_001352,1,cc76853233957e02,train
ex_001353,1,538ec9f3d6ec5a54,train
ex_001354,1,4a29973b724b1f02,train
ex_001355,1,3eef7919f998ccd5,train
ex_001356,1,e1dd820fd5566b10,train
ex_001357,1,993f5193ae51b97b,test
ex_001358,1,fea94da5dfedf12e,train
ex_001359,1,807381f080048592,train
ex_001360,1,c00fef802d5d1b58,validation
ex_001361,1,736041b35bd1f07a,train
ex_001362,1,16a5e8cfbf2cc28b,validation
ex_001363,1,f223d88f23320218,train
ex_001364,1,2b0acaf00d9bafe9,train
ex_001365,1,71d83a2e5708b6f4,train
ex_001366,1,adf8bc16063834d5,train
ex_001367,1,c90929a6064c9fbb,train
ex_001368,1,1be2957c604abe57,train
ex_001369,1,1d7c620bc77ff6c5,train
ex_001370,1,4138385a23c16394,train
ex_001371,1,ca0437b7079355aa,train
ex_001372,1,7385d2cbade630a1,validation
ex_001373,1,f52db6511cba0f31,train
ex_001374,1,b1ed5e44f4fa3b7e,train
ex_001375,1,b6d9979250e3dad3,test
ex_001376,1,42d13468075a5f9d,train
ex_001377,1,ef08b912612fa1a6,train
ex_001378,1,48ced4015df08b1e,train
ex_001379,1,93b535803a6615a4,train
ex_001380,1,bf0036b2917eb890,train
ex_001381,1,5cbc9d9b993c2b55,train
ex_001382,1,05614c5b8bafea73,validation
ex_001383,1,064d94b12a8c9484,train
ex_001384,1,7b61832b182d8827,train
ex_001385,1,ee2fe72f13ea9eea,validation
ex_001386,1,bc7cfe7c70970981,train
ex_001387,1,fccc558a69e87dc1,test
ex_001388,1,6fdd09bc81f21259,train
ex_001389,1,25061a729ee30abb,train
ex_001390,1,f9abf48189d4eb74,train
ex_001391,1,358541e537c4d1c5,validation
ex_001392,1,b21edfff1318e4ca,train
ex_001393,1,81a8c6df9fb26b27,test
ex_001394,1,0345b3ddbb9b3799,test
ex_001395,1,cb30fe9ad6ed25e0,train
ex_001396,1,d1f167c559ad4400,train
ex_001397,1,c223245700f7b047,test
ex_001398,1,32da58023e4c6fb8,train
ex_001399,1,5b5be2bc72b7f48a,test
ex_001400,1,2d68d80fe934835c,train
ex_001401,1,0bcbb1cb9fbc4dc0,validation
ex_001402,1,2f0e35e1b6408f44,train
ex_001403,1,e932a8091e6434d3,test
ex_001404,1,20c2c960c52cdb7b,validation
ex_001405,1,38b98fc92588a32b,test
ex_001406,1,11ae8a61c161461c,train
ex_001407,1,bc938194ebfc5653,train
ex_001408,1,4a35dad56c5254d4,train
ex_001409,1,643db51c7e920206,train
ex_001410,1,2a32094bd86ec022,test
ex_001411,1,ae291a1cd91bfee6,train
ex_001412,1,7d7b25aaeb6eeb41,train
ex_001413,1,4e2eaa887e26fd9e,train
ex_001414,1,c26667f80c405b1d,train
ex_001415,0,de9432085058da0c,train
ex_001416,0,69dff68a2d228782,test
ex_001417,0,b88d3260aa3afb0a,train
ex_001418,1,924150eb2948acb1,train
ex_001419,0,49fecef4abf0ecbc,train
ex_001420,0,38bcf184e8f8b0ca,validation
ex_001421,0,48074dac63b550d5,train
ex_001422,0,f1e98ae6a559181c,train
ex_001423,0,a73df27ff6328312,train
ex_001424,0,da1c0cbc243662c4,train
ex_001425,0,065cc5f37641f97e,train
ex_001426,0,05c04b604cacd8e1,train
ex_001427,0,f96ec7195c66de7b,train
ex_001428,0,05c512c6e5feee82,test
ex_001429,0,8ddb5f4eb39ecaeb,test
ex_001430,0,1e255e3a88def135,train
ex_001431,1,085e6a53631d241a,train
ex_001432,0,ce71a63d4d838cc3,train
ex_001433,0,de11a69c8ef3bb0a,train
ex_001434,0,77ea84a5df0bd953,train
ex_001435,0,f174dd7d7826dd4f,train
ex_001436,0,fb7d5eb338b4b53c,validation
ex_001437,1,9add62993b9f4daf,test
ex_001438,0,17f81ba704eb7730,train
ex_001439,0,5fa0726802423adc,train
ex_001440,0,cc91311b0dd49837,validation
ex_001441,0,cf4a2aa343d6f372,test
ex_001442,0,a61ffaa35a18aff0,validation
ex_001443,0,57e5746b66e833a1,train
ex_001444,0,d5b57f7440373e73,train
ex_001445,1,815d4ae032bfed05,train
ex_001446,1,5061f6d2b267f190,train
ex_001447,0,3888b47e62cdf624,validation
ex_001448,0,4eb91b24c87d95ee,train
ex_001449,0,e9629c49e02ae969,validation
ex_001450,0,98b53d1d264beb30,train
ex_001451,1,883f143dc12e18f4,train
ex_001452,0,960986d35bdc9efa,test
ex_001453,0,d98b04629fe516d4,train
ex_001454,0,6ba00ca4076a45c4,validation
ex_001455,0,4ea17fc4c6c8dfe7,train
ex_001456,0,d9de792c4dde64ff,train
ex_001457,0,07508c14431b24b3,train
ex_001458,0,47c76e0f23868e80,test
ex_001459,1,7242f2fb266b8c25,train
ex_001460,0,e973769d9299f190,train
ex_001461,0,0fdbe89d89eec99d,train
ex_001462,0,120f3b2be16ba5dc,train
ex_001463,0,d27f317265576687,train
ex_001464,0,21384085ebf5aeec,train
ex_001465,0,534ade1b11ce0348,train
ex_001466,0,dba30b0b280375ea,validation
ex_001467,1,4f548ff47a3aa575,train
ex_001468,0,fc1f8ae3d66c3dfe,validation
ex_001469,0,9b4a22749fd9d461,train
ex_001470,0,d8c0694c4fbc3dc2,train
ex_001471,0,1d486fa1ecc07828,train
ex_001472,0,0b412a82fa2edf7e,train
ex_001473,0,8ef24ffee82e627a,train
ex_001474,0,4b3a689eb7162338,train
ex_001475,0,ea7dcfe8ed63a9d0,test
ex_001476,0,13b1dad90d2bad43,test
ex_001477,0,8dbecdd35de07b15,train
ex_001478,0,66ca737b617a81b0,train
ex_001479,0,70d2a6cd57bb8861,train
ex_001480,0,421b7215b99d7fd3,train
ex_001481,0,2cf4a315be1e80d1,train
ex_001482,0,6ffc95e44fa53734,train
ex_001483,0,12469ca8b6d419f2,train
ex_001484,0,57269e9ce31f1ab8,test
ex_001485,0,3c45d1b463515518,train
ex_001486,0,e96f81be4dd2d1bc,train
ex_001487,1,29ea84ae94cac1b2,train
ex_001488,1,80e5008b08ddd701,test
ex_001489,0,08282c50b63a2335,train
ex_001490,0,9ed5d9c05891874c,train
ex_001491,0,a2764515e8e92812,test
ex_001492,0,acf28b9e86c922bd,train
ex_001493,0,13474c009a6e7067,train
ex_001494,1,da7f533ccf4d80d3,train
ex_001495,0,9735300bb2ac9f4f,train
ex_001496,0,0146c5225e6be372,validation
ex_001497,0,93b9d2787c72936c,test
ex_001498,1,77365d89d5b80256,train
ex_001499,0,4e45f8f67c2015a4,train
ex_001500,0,ffd55fb97eb3dedc,train
ex_001501,1,36548ced4e8fd7f6,train
ex_001502,1,d72062149bd830ff,train
ex_001503,0,7ffb04ecce60f38d,train
ex_001504,0,12be3e75f5366ae6,train
ex_001505,1,e127a4ff6c250d4f,train
ex_001506,0,f55cfa7ffe5ac5bf,train
ex_001507,0,1e3792fa8647b87d,train
ex_001508,0,452fe0195850ff00,validation
ex_001509,0,f46b538a95bbed0d,train
ex_001510,1,a08eac9569987138,train
ex_001511,1,6712323572df257e,train
ex_001512,1,35c76ebeb06554b7,train
ex_001513,1,3cea4a70188ccffb,test
ex_001514,0,3712b8f8843a2a34,validation
ex_001515,0,451c39ac0e6bb648,validation
ex_001516,0,8d611df9df857774,train
ex_001517,0,19d077600d43e3a3,train
ex_001518,0,f787fee7fdf15967,train
ex_001519,0,2f80e04b0b29f8b7,train
ex_001520,0,1c2dfaa717dac353,test
ex_001521,0,8369465fce3f5268,test
ex_001522,0,8e61839bc15314d4,train
ex_001523,0,926805d803531a5e,train
ex_001524,0,f8068379016debcd,train
ex_001525,0,e0ee7beff27dfc74,train
ex_001526,0,bdc7b9073fbd8d76,train
ex_001527,0,3b63c4bb72d04d34,train
ex_001528,0,b2d3d413b5580341,test
ex_001529,0,e2354b50d2c79376,test
ex_001530,0,223d067cb69e45ff,train
ex_001531,0,52ed8157493702da,test
ex_001532,0,8cc4dcd20ae44c10,train
ex_001533,0,6a1b34d9163f1348,test
ex_001534,0,1ca93f5fead9b636,train
ex_001535,0,39c4cc100ed9e9e1,train
ex_001536,0,64e8cd6c51ceb474,train
ex_001537,0,7b9c1c44e4731a46,train
ex_001538,0,d1cb0f9427fc7172,train
ex_001539,1,db548f15e719961d,train
ex_001540,0,b852c3895b43f598,train
ex_001541,0,c272324f48b2cb30,train
ex_001542,0,20e7bf5b019cf72c,validation
ex_001543,0,04dadbbb9b5b8afe,test
ex_001544,0,da19820efe6825ed,train
ex_001545,0,df603ef06d83dcdd,train
ex_001546,1,96dd1206b09a1906,train
ex_001547,1,3671f838b27db09b,train
ex_001548,0,234be3ac8e250b96,validation
ex_001549,0,a51ed840d8ef116c,train
ex_001550,0,eef7772db3a34b02,train
ex_001551,1,3bdb187fb018747a,train
ex_001552,0,cad7a6c6d6b91011,validation
ex_001553,1,f25983c8a1f4ff35,train
ex_001554,0,b7fbb80d7a85a1ad,validation
ex_001555,0,3ea46aaabbcf56b7,train
ex_001556,0,7b3244042044da3c,train
ex_001557,0,5722e9f73e7b601e,train
ex_001558,0,fd5f97c630c7dc57,train
ex_001559,0,2731f8bc643d9c9e,test
ex_001560,0,d1edc1b33d7e1d55,validation
ex_001561,0,9ad75fb63ffbbf2a,train
ex_001562,0,b21ea0ab92e88507,train
ex_001563,0,03e1987a3d335051,train
ex_001564,0,4845be414d888f03,train
ex_001565,0,a7c495b91811e09f,train
ex_001566,1,637cb0d72e87e281,train
ex_001567,0,47607de6b138df53,train
ex_001568,0,b3249c598b8212e5,train
ex_001569,1,e54abbe155eb462d,train
ex_001570,0,391ee48c92beec3e,validation
ex_001571,0,b3f85760864c2e87,train
ex_001572,1,e7b24aa33d31a494,test
ex_001573,0,b57524897f6c36d0,train
ex_001574,0,ff7e6e8939180bdb,train
ex_001575,0,01dd2baf1abfa667,validation
ex_001576,0,21a1174c3fc087c1,train
ex_001577,0,9c749c6f99eabb08,validation
ex_001578,0,b973531118bc7e01,validation
ex_001579,0,7b3cbcc32a7c86c9,train
ex_001580,0,8671075f923f35cf,train
ex_001581,0,c9a4995b541e6584,train
ex_001582,0,dff0fe90b9c6a27d,train
ex_001583,0,d6c05fe79a1c9b8e,train
ex_001584,0,a51c26169287c9c8,train
ex_001585,0,76f602e3fb04e66b,validation
ex_001586,0,6d81eb952eca8d62,test
ex_001587,0,5c4852c23c36b5e0,train
ex_001588,0,08336f854dc8a101,train
ex_001589,0,8bb7af2116a5c797,train
ex_001590,0,7efa0cc9f23e2736,train
ex_001591,0,e88d0fd3d98944fa,train
ex_001592,0,a991b94db404d086,train
ex_001593,0,0b18f10e3925a85c,train
ex_001594,0,a71a98ab6cc76bde,train
ex_001595,0,f798785354c2134b,train
ex_001596,0,41d34405fdd87cdd,train
ex_001597,1,a65797a27e03f590,train
ex_001598,0,f44e60787bfb87aa,train
ex_001599,0,190c09d67b425b5d,train
ex_001600,0,7b8e13b409744de6,train
ex_001601,0,2eca2bc7bc293094,train
ex_001602,0,d0a1de185b8a85e4,train
ex_001603,0,db8f3675dd0df1ef,test
ex_001604,0,cbba3a42b9d1b802,validation
ex_001605,0,eb8737ea2adbf45a,validation
ex_001606,0,e64a1520e46fdd50,train
ex_001607,0,bd18b00cd00a8149,test
ex_001608,0,c3986fa04bff1cae,validation
ex_001609,0,577e26aa14e938df,validation
ex_001610,0,75a2c1a372faddc9,train
ex_001611,0,bcad68a10b612430,validation
ex_001612,1,85edbb23a476222d,validation
ex_001613,0,cecff1e70b4a22b5,train
ex_001614,0,756077e18ef88281,test
ex_001615,0,fe648ce0d4ceb33e,test
ex_001616,0,ddd5768555426ce3,train
ex_001617,0,95330b5b8f3b541c,train
ex_001618,0,d0c41a9aa6434c80,test
ex_001619,0,b2a156fac976557b,train
ex_001620,0,66db8c87c40ab076,train
ex_001621,0,48104c1b593bc83a,train
ex_001622,0,7981aeffa9119b9b,train
ex_001623,0,5323bee02651bcc7,train
ex_001624,1,fd2a6f9541110344,train
ex_001625,0,285df66ac8e5e332,test
ex_001626,0,9ae332ba8ab30b5d,validation
ex_001627,0,56d7754261d58621,validation
ex_001628,0,43076ef2226ddcde,train
ex_001629,1,97f65a234e9edb42,train
ex_001630,1,34502a8409c2f3a2,validation
ex_001631,0,5dbd460c40660aec,train
ex_001632,1,17f18d269a9db9e1,validation
ex_001633,1,35b939122bcd95fc,train
ex_001634,1,dacd60709c8f7353,train
ex_001635,0,cb906f35f0a91b7c,validation
ex_001636,0,3e1b9ca32416310e,train
ex_001637,0,7221322e59d8dc47,train
ex_001638,1,40234a5fd19ff47d,train
ex_001639,1,21ed9f605aecc88d,train
ex_001640,0,67e295e762cd717c,test
ex_001641,0,7744e8fb34ae5fe1,train
ex_001642,0,84b3b229611f5994,train
ex_001643,1,b9e1f4c617e8e996,validation
ex_001644,1,ae892c425133d56b,train
ex_001645,1,7a6de9a07d51c579,validation
ex_001646,0,301e7eabb13ec63f,train
ex_001647,1,79ff12b522b5938b,train
ex_001648,1,67d9b877ad6e4be2,train
ex_001649,1,f81a50da5ff67b0b,train
ex_001650,1,c533e4c8f97b2af5,train
ex_001651,0,7e86599109690f6a,train
ex_001652,1,9cbe0feab6499a7a,train
ex_001653,1,1876660d2c217cb0,train
ex_001654,0,7e7951e9f98d1378,train
ex_001655,0,9c9816d6f4dc59fd,train
ex_001656,0,3d056eff312854dd,validation
ex_001657,0,481acf70312ebffc,validation
ex_001658,1,e811b9aa8f4391fa,train
ex_001659,0,3c5c8ffe5c6cb22e,train
ex_001660,0,231cf7855ce0c6d8,test
ex_001661,1,e8a3d81d16d97bcf,train
ex_001662,0,dfcbd329ece33abf,test
ex_001663,1,14b3a7cdb8908ea5,train
ex_001664,1,59a52749070bc14d,train
ex_001665,0,5426cb0fdbb02ceb,train
ex_001666,0,05e787739c370dbd,train
ex_001667,1,2ef6a8a8d032cfc2,train
ex_001668,0,2eb4b32f917ea53f,train
ex_001669,1,c87e732cf93c2377,train
ex_001670,0,bcbef8e7aeee9a6f,train
ex_001671,1,6035f89670e3edb7,train
ex_001672,0,23668f8847bfd3fb,test
ex_001673,1,e87cf328752f0d24,train
ex_001674,0,34decd38a9262142,test
ex_001675,1,f1f8881069c1aff8,validation
ex_001676,0,2f09e8892de2be1a,validation
ex_001677,0,251320a0547ad66e,validation
ex_001678,1,c744c9a02b680471,train
ex_001679,0,067afe421dd8a108,train
ex_001680,1,f485da2bda9a1791,train
ex_001681,0,862b2eaf05a16fe9,test
ex_001682,1,85df14bf3c983876,train
ex_001683,0,1a686022e0c9106b,test
ex_001684,0,543665dc0084baac,train
ex_001685,1,f6deba398a11e075,train
ex_001686,0,d148d105eb1cbf05,train
ex_001687,0,9eb2675763a4bed1,validation
ex_001688,0,8f206044c3b640f6,train
ex_001689,0,79ae6a9ad691a427,train
ex_001690,1,bb8bde22bbeb2cb9,train
ex_001691,0,48c63321a82769fb,validation
ex_001692,1,166a4db91a53bec3,test
ex_001693,0,76d6f0249b922219,train
ex_001694,0,71b0b3ce708c8d27,train
ex_001695,0,812edb0fe11052a6,train
ex_001696,0,1a00aaf11356cac5,train
ex_001697,1,c17e79b485b7af96,train
ex_001698,1,daa6b305c421d723,train
ex_001699,0,70b641fb01b44e58,validation
ex_001700,1,f3cb0cce3dd7bcd6,test
ex_001701,1,16d3e25a4e10621f,validation
ex_001702,1,a8a64ad472b7bb1a,train
ex_001703,0,61330ec98d047f64,train
ex_001704,1,f6ee37a3f826898b,train
ex_001705,0,69fe4f0a40616496,train
ex_001706,1,8004602262f2efea,validation
ex_001707,0,7330cd17e82ac3fd,train
ex_001708,0,e71663207e01d679,test
ex_001709,0,0e7f465d32ce559e,train
ex_001710,0,0e164136be5a9109,train
ex_001711,0,f242683535124217,train
ex_001712,1,cb9558605edf3fd7,train
ex_001713,1,17f45ff154921eb9,train
ex_001714,1,ef76c399ca9a9a02,train
ex_001715,1,c0bb1aae6bc339ed,test
ex_001716,1,b68b3f8759e955e5,test
ex_001717,1,33758c9fe9cb607c,train
ex_001718,1,92e0457398b657fe,validation
ex_001719,1,8d0f22055843a7b8,validation
ex_001720,1,7866b0fa07fb0b06,train
ex_001721,1,2071a9c67ebf2ff4,train
ex_001722,0,a36b2d25d6fbdee1,train
ex_001723,1,fe70457cf931678f,train
ex_001724,0,0f3c1bc675ba20d6,validation
ex_001725,1,2ce7a701c9c85925,validation
ex_001726,1,449df5b8bb45c8a7,train
ex_001727,1,3e5d5e4ac0d039c0,train
ex_001728,1,aeba3183d37aaa01,validation
ex_001729,1,49225a1470537531,train
ex_001730,1,b43772b8bde39788,train
ex_001731,1,4960053ceb8ee0dc,test
ex_001732,1,d4c9aa2152c5de5c,test
ex_001733,1,b6bc06f3800e6145,train
ex_001734,1,39fc873c5f40be80,validation
ex_001735,1,0afed5edeb85025d,train
ex_001736,1,4a4e1114229c0886,train
ex_001737,1,b7d9659bcd835dc1,train
ex_001738,1,d3dd42a1137d5fb7,validation
ex_001739,1,8b40b10189343455,train
ex_001740,1,aae36ff160063c26,test
ex_001741,1,9bfcc0886d976187,test
ex_001742,1,050bdda29260eebf,train
ex_001743,1,68e768a267a8f2b1,test
ex_001744,1,8632666886ef76a7,train
ex_001745,1,7f97a905c0f89353,train
ex_001746,1,c72ef539de6b2fe0,train
ex_001747,1,6880825703b3d025,test
ex_001748,1,a739fa8d137f4b47,test
ex_001749,0,da3c880cf97eb2b6,train
ex_001750,1,0762d17feea27b6a,train
ex_001751,1,4286aeaa91a3ac68,train
ex_001752,1,0e7176f644e462bb,train
ex_001753,1,7922719f4a87f15d,train
ex_001754,1,82a9c2b27999d53f,train
ex_001755,1,41f02c8e3e06a850,train
ex_001756,1,d19304ae6e6d5996,train
ex_001757,1,cbf3b065d486378b,train
ex_001758,1,289714b5b32e9fb3,test
ex_001759,1,d0844a18862db894,train
ex_001760,1,c395754ddc29262d,train
ex_001761,1,66bcd29fd74bacb6,test
ex_001762,1,c7d0480c5a58f3fb,validation
ex_001763,1,36d499fa745fd68c,train
ex_001764,1,48fa64a3781ec8b1,validation
ex_001765,1,7d2bba0250205a7e,train
ex_001766,1,99a900f6dc30fd07,validation
ex_001767,1,259b3cd7ac298e48,test
ex_001768,1,08f82b6f237cb6ab,train
ex_001769,0,c352028c881c427a,train
ex_001770,1,c2a5b8985e80f066,test
ex_001771,1,1a843e6f04a42c47,train
ex_001772,1,ab8a5188adfbebdb,train
ex_001773,1,7c7ebc937df15c66,train
ex_001774,1,f630451b19bb21f0,train
ex_001775,1,d395bbd02ee09445,train
ex_001776,1,a2a8ebba8365338d,train
ex_001777,1,2e27e4af35819114,train
ex_001778,1,4bce7cdc1b1ecf95,train
ex_001779,1,9ce69be1b48a3f2e,validation
ex_001780,1,3f3a9b44401b4ea3,train
ex_001781,1,805cba11ebf4a0c4,train
ex_001782,1,948f41873d30f768,test
ex_001783,1,420e18922bc154c1,validation
ex_001784,1,50f41934b2a91cb5,train
ex_001785,1,a7af2678019d013f,test
ex_001786,1,c56129bc99396b70,train
ex_001787,1,d20319bb97f71c65,train
ex_001788,1,20272241d04aadcf,train
ex_001789,1,ced2c9299b06dce5,train
ex_001790,1,6a6f03f01dbe0f0c,train
ex_001791,1,71a4d6acef582fea,train
ex_001792,1,1225bdaca49d6b5f,train
ex_001793,1,f825cbdbe005033f,train
ex_001794,1,53b94c920fa5c21d,train
ex_001795,1,bd65d91f3545ce08,validation
ex_001796,1,1ce232be64f11d5c,test
ex_001797,0,b28c246e032ed144,train
ex_001798,0,0240bff1b82ebbb5,train
ex_001799,1,c01a639fb1531ec6,train
ex_001800,1,e49ac7a28d9876bc,train
ex_001801,0,a029fc5baf47e375,test
ex_001802,1,02a16c9d0540ba02,test
ex_001803,0,530d0f19c794e0d7,train
ex_001804,0,ee4699cf1df3ef95,train
ex_001805,0,18a839ce618a34d1,train
ex_001806,1,bc7b324b7dc80c37,train
ex_001807,1,b99848b97016606e,train
ex_001808,0,fcff38c7cb9b4694,train
ex_001809,0,98f3d7d8ded091bb,train
ex_001810,0,c1b4af5e1071b749,test
ex_001811,0,fe41e7bbeebc89f8,train
ex_001812,1,7999709497d5d2e2,train
ex_001813,1,c18edaa0c5303356,test
ex_001814,0,4019f3bd6a1d1a1e,train
ex_001815,1,ca52b969f6d6af81,validation
ex_001816,1,1da719a7005d36ec,validation
ex_001817,0,4548045b222a756e,train
ex_001818,1,5a956f41ecbb1dd5,train
ex_001819,0,d2a84cc30ec29b92,train
ex_001820,1,e7d2697480373b89,train
ex_001821,0,6db73df4c0f0d70d,train
ex_001822,1,2cc1fdc51403d13e,test
ex_001823,1,0a3df593dd7c421e,train
ex_001824,0,1f4d928993d86557,test
ex_001825,1,4a6a7e1c8f163f8c,test
ex_001826,1,25c51d46f656e941,validation
ex_001827,1,4ee75d087708edbb,train
ex_001828,1,e0d2e211672c4d1e,train
ex_001829,1,f3cb2d3e7e8228af,train
ex_001830,1,2fcd8683f045f9cd,test
ex_001831,0,a1925d6dc161e751,train
ex_001832,0,ee0527c3f88c2ff5,train
ex_001833,0,7f9345788761efbf,train
ex_001834,0,9d8d59a353152264,train
ex_001835,1,59a3161c282ddad0,test
ex_001836,1,734e17ffebd34fb1,train
ex_001837,0,58b5c4f13fed3105,validation
ex_001838,0,8225fb27ff192a61,train
ex_001839,0,e74c2818fc670e6a,train
ex_001840,0,bd236319f64e036e,test
ex_001841,1,4d57892bdab37fb3,train
ex_001842,0,888fa1af1a00724b,train
ex_001843,0,e342b4880b41d795,test
ex_001844,0,4a14d0cb5dbd36e8,train
ex_001845,0,e070924d5847671f,train
ex_001846,0,ee54496187c0107a,train
ex_001847,0,1f587127948722dc,train
ex_001848,0,671be1ade5dd56a1,train
ex_001849,0,10faf7a376935958,train
ex_001850,0,44ca3c49b7756ef5,train
ex_001851,0,4bb75153f162ba06,train
ex_001852,0,643bf3918b4251bb,test
ex_001853,0,075ba6bbf0963338,validation
ex_001854,0,c9bb805720df5a25,test
ex_001855,0,3d3c784f4f4e1833,train
ex_001856,0,fa2715672ab6846d,train
ex_001857,0,60170965af740aa0,validation
ex_001858,1,b959d3fd99170b70,validation
ex_001859,0,17c3dc959cf14521,train
ex_001860,0,9be81fc07f9d816d,validation
ex_001861,0,93579b6fe0a6e481,validation
ex_001862,0,b214dda5479afb31,test
ex_001863,0,b906006ce397f134,train
ex_001864,0,b85e0ddcbce529be,train
ex_001865,0,086dc92b0dd53542,train
ex_001866,0,382814fe83b2db3f,train
ex_001867,0,ab8e28f0141ece84,train
ex_001868,0,c083f032ce8d5279,train
ex_001869,0,aba508a250e9a73d,train
ex_001870,0,aae06a5a7f83d17f,test
ex_001871,0,d1d815e82672da06,train
ex_001872,0,26e5aa38f331694c,validation
ex_001873,0,c601ac41b5c189e4,test
ex_001874,0,e890c8ab8f42f24d,train
ex_001875,0,2070d5b13425bfc1,test
ex_001876,0,4e812301423a4a59,train
ex_001877,0,076268f047deac2c,test
ex_001878,0,e33dd6adb83eb55d,train
ex_001879,0,f88b07bc2a6e4395,train
ex_001880,0,38372f6b5b8920ac,train
ex_001881,0,b40e0224e0dd2bf2,train
ex_001882,0,5ba4cdae4394eb7b,test
ex_001883,0,994045143a3f4703,validation
ex_001884,0,355d3a437cad276a,test
ex_001885,0,2d5841b7537f47bb,train
ex_001886,0,167f1530b4901db6,train
ex_001887,0,5145c7dfc6f43933,train
ex_001888,0,7fe0e89021f25d03,train
ex_001889,0,6cbd392ce742fd81,train
ex_001890,0,ff9ad19b074e9cec,train
ex_001891,0,0697177578af4d83,validation
ex_001892,0,cbca18158c7cff7b,train
ex_001893,0,7230853044d3423c,validation
ex_001894,0,a494fa6f01b2a05e,train
ex_001895,0,30744fa57c1b8a2a,train
ex_001896,0,6fc2aea0550c8cdd,train
ex_001897,0,b9d16da97ade7af9,validation
ex_001898,0,a4c9645fcccc0fa2,test
ex_001899,0,549919a6b203148b,train
ex_001900,0,5ceb740c76ff2822,train
ex_001901,0,53025fa5a043932e,train
ex_001902,0,c9048b43c33848da,train
ex_001903,0,c7915aa134df7652,validation
ex_001904,0,6e069999a881cdfb,validation
ex_001905,0,7c3082c88ee2d758,validation
ex_001906,0,610a1355659b1fda,train
ex_001907,0,d8c1d1a8f3bffe0f,train
ex_001908,0,f764916ed65dcf60,train
ex_001909,0,4f0e04b60d6d7cdc,train
ex_001910,0,9b0d5ddb7dc8af98,train
ex_001911,0,5c3c1fda2698d56b,train
ex_001912,0,1eb91e6fee7ecedd,train
ex_001913,0,ba5164557ea78ea9,train
ex_001914,0,6c556a80dac52595,train
ex_001915,0,4d5d6b552f39ea07,train
ex_001916,0,5043d1ef05b62392,train
ex_001917,0,7f23cd7c7f269828,train
ex_001918,0,256c811f8085a192,test
ex_001919,0,e37da19f4963235b,train
ex_001920,0,cd23650aaa08218b,test
ex_001921,1,f6ffcc85f22920f6,train
ex_001922,1,7354f59cb4d7df61,train
ex_001923,0,4c85134053e6fbe0,train
ex_001924,0,8ddb2d871dabb232,train
ex_001925,0,a3e3219dbe1dae45,train
ex_001926,0,203799284d31a938,train
ex_001927,0,b9e4ac12ec53977f,train
ex_001928,0,b876474c20115f28,validation
ex_001929,0,e520939f8b9e00ff,train
ex_001930,0,605f23124f5879aa,validation
ex_001931,0,56730cdc82e17463,train
ex_001932,0,6b926fa710485bc6,train
ex_001933,0,80cac268a0e187eb,train
ex_001934,0,4f2466de73596f96,test
ex_001935,0,1f32a328b77fc4ae,train
ex_001936,0,42fb1f2eeda2b595,test
ex_001937,0,2b1aa8329ff97e23,train
ex_001938,0,e50ba829553ea91c,train
ex_001939,0,ce6f22b89e3a345b,train
ex_001940,0,2e90c0dc4d3c029c,test
ex_001941,0,980885c18e9b900c,validation
ex_001942,0,c0acc08128189628,train
ex_001943,0,436195982c3b8e95,train
ex_001944,0,0cc51c0f11973ca6,train
ex_001945,0,2fc0ab9a35d629c6,train
ex_001946,0,1d339c576089c6af,train
ex_001947,0,0178764983a8700f,train
ex_001948,0,f3f0b185201938a1,train
ex_001949,0,ec8a7e293b2a221e,train
ex_001950,0,db7b039d843874a0,train
ex_001951,0,7985c71e4c98fe3f,validation
ex_001952,0,62b6f7b94637d17d,train
ex_001953,0,1beb3f1acb2d6960,train
ex_001954,0,ba5c9e66025a7e2b,validation
ex_001955,0,31f94e14d55d48e6,train
ex_001956,0,1b4c2b383ff9c9e4,train
ex_001957,0,719be7118bc97004,train
ex_001958,0,c26f45862415ea0b,train
ex_001959,0,0e66f32bb5e5d864,test
ex_001960,0,9e64bc2a2bb674a6,train
ex_001961,0,5b3710277659f68b,validation
ex_001962,0,011a7143cd927e5b,train
ex_001963,0,af16a2c268eb95cb,train
ex_001964,0,e5359823c67c7d7a,train
ex_001965,0,df981e98c99b8692,test
ex_001966,0,e410ff6547a3dff7,train
ex_001967,0,acbe3cbe26eceeae,train
ex_001968,0,7b5e53901e80840d,train
ex_001969,0,a97c0e3cecf7effc,test
ex_001970,0,3f686b800f889925,train
ex_001971,0,9f07a4743e7ee852,train
ex_001972,0,be303e293a128005,train
ex_001973,0,3906f80733fd6a92,train
ex_001974,0,eb8b3900796c69f5,test
ex_001975,1,322610b7bc0d0a3b,train
ex_001976,0,33f1486164da062a,train
ex_001977,0,e68d59ff2285dc78,validation
ex_001978,0,27d998fde9ba8da8,train
ex_001979,0,9ee05be231e4adef,train
ex_001980,0,3c24fc9f5004dc49,train
ex_001981,0,63723f71603f9e5e,train
ex_001982,0,e2a24caa010e0ac2,train
ex_001983,0,66cd706630cb2663,validation
ex_001984,1,0ded753b8e254b00,train
ex_001985,0,c2d33ee525ecb1b8,test
ex_001986,0,62a2036febf8d17b,train
ex_001987,0,fcdbb05aca3bbcba,train
ex_001988,0,298cf1278e6d3d13,test
ex_001989,0,8facf17a05a0cfd3,test
ex_001990,0,6809ee7adccb2ba7,train
ex_001991,0,2508400b06e6439b,train
ex_001992,0,71043d2a555d35cd,train
ex_001993,0,88ab80da5eba620e,train
ex_001994,0,faebc6ced2156d2d,train
ex_001995,0,12807d62bf4ee2aa,train
ex_001996,0,3fa77b2081148326,train
ex_001997,0,fcc58a2c577c2c00,validation
ex_001998,0,74b2fd4c0fde2d5e,test
ex_001999,0,7a6baf86161b9d73,test
ex_002000,0,2bd6f1f42e077429,test
ex_002001,0,15181a2ae1215ae5,test
ex_002002,0,c510bd407bde76ac,train
ex_002003,0,2b3ba77698c34e55,train
ex_002004,0,ffe6825b2ec9533d,train
ex_002005,0,96622cd182e3208b,train
ex_002006,0,bdf6fd7f95028646,train
ex_002007,0,808db3ad45369aef,train
ex_002008,0,4287ef0d0e57b895,train
ex_002009,0,11b54a043e739d0d,train
ex_002010,0,7ebab731483dc397,train
ex_002011,0,c3ba6775535d14f0,train
ex_002012,0,61aadd4a2525e975,test
ex_002013,0,a74ebf3ca2f11e0b,train
ex_002014,0,816eabdf5057c2b6,train
ex_002015,0,d771077ccce11b06,train
ex_002016,0,277994d99a52d2e2,train
ex_002017,0,7dabc253df12457c,train
ex_002018,0,e062adc00f24226b,train
ex_002019,0,8a02e28b68f45861,train
ex_002020,0,e4769ae685ecc106,test
ex_002021,0,c5b7b2e1bbb3f457,train
ex_002022,0,d00768b321750f5d,test
ex_002023,0,08a630b4fab835c0,train
ex_002024,0,1196b7977465a737,test
ex_002025,0,d6fe284e7fa3ca76,train
ex_002026,0,437cef8d62e251c3,train
ex_002027,0,d4918b4dea13ee61,train
ex_002028,0,d5c55843d1c4fcc6,train
ex_002029,0,85830a1b369927fe,validation
ex_002030,0,f1cd5f018d73af47,train
ex_002031,0,581868cfe71de2e2,test
ex_002032,0,871158f8829e945e,test
ex_002033,0,63cfe5e5d6598e51,validation
ex_002034,0,3b75bad2ba732a0b,train
ex_002035,0,a547f87014dab6cf,train
ex_002036,0,c8da23774ac8b1e0,train
ex_002037,1,75061887b4a982f9,train
ex_002038,0,3d8778cb361cf199,train
ex_002039,0,c5ec96841e26ed73,train
ex_002040,0,971e3913865f763f,train
ex_002041,0,85e94dc621a41d0c,train
ex_002042,0,92c9196440e202ab,train
ex_002043,0,d84e9e1604c04cc8,test
ex_002044,0,e4658957bf55ff45,validation
ex_002045,0,ba4f77965f31124c,train
ex_002046,0,ce465e0a778692c5,test
ex_002047,0,35d4b47ca7d7688b,train
ex_002048,0,ed84fce0b6c56349,train
ex_002049,0,213ef004dab49534,train
ex_002050,0,e06a83ddc96bcde0,train
ex_002051,0,28f7dd30f149f0c1,train
ex_002052,0,8bd64fb4e5cc326b,train
ex_002053,0,12a9dd886459020d,train
ex_002054,0,b9a6471fd31de7f9,train
ex_002055,0,d9da38356c3618f7,train
ex_002056,1,c4a47a01427caede,train
ex_002057,0,fbdea97f274b53b7,train
ex_002058,0,af3e92d8b8f714b4,train
ex_002059,0,1f910dc70c0330be,train
ex_002060,0,abe1b6f5580b34cb,train
ex_002061,0,b0fb92df43944334,train
ex_002062,0,5f94b6d7a418eaf4,train
ex_002063,0,2b2f446342ef1a6d,train
ex_002064,0,6a46588aebfd258f,train
ex_002065,0,1d3343bc4f58378f,train
ex_002066,0,5bfc242a1652e2a5,test
ex_002067,0,e4c78b3376421852,test
ex_002068,0,ef5a6ff50136434d,train
ex_002069,0,886b4631a94f0897,validation
ex_002070,1,cda8b55f8d68d561,train
ex_002071,0,cfd4b6d27f016013,train
ex_002072,0,3d695deea68e1647,train
ex_002073,0,f39eabb7a97f11fc,train
ex_002074,0,2099477df8136165,train
ex_002075,1,ae76299c7cd1835e,train
ex_002076,0,c21b06aa542bb468,train
ex_002077,0,b77a1c889a522164,train
ex_002078,0,a2c37841059b6bd5,train
ex_002079,0,52c3206193b4a4ff,train
ex_002080,0,2db1aa10257b2a89,test
ex_002081,0,429a2e577354f632,validation
ex_002082,0,8b380913471ea8e9,validation
ex_002083,0,cd6d7ef82ad66d37,train
ex_002084,0,b06c3d7a79b7052a,train
ex_002085,0,4f8e212a793ab57f,test
ex_002086,0,a7860556aafcc82f,train
ex_002087,0,93d6d6fae5c2f8ca,train
ex_002088,1,04e521c0fbbb44af,train
ex_002089,0,5677bb7b88bf871e,train
ex_002090,0,ece00c9b8a714e89,validation
ex_002091,0,f0db67481ce117ed,train
ex_002092,0,616c8b8f0214a325,train
ex_002093,1,eedca43a41df925c,train
ex_002094,0,75adb7a24d89db16,train
ex_002095,0,ce3420d49243cbe3,train
ex_002096,0,06f85dec10bcae2c,train
ex_002097,0,ae60b76aef0e8140,train
ex_002098,0,3bd6e19adee6c5d4,train
ex_002099,0,d3e5d1cee6feaa0b,train
ex_002100,1,ec9fed12206d121b,train
ex_002101,0,5e06be714900f68d,train
ex_002102,0,9f44327471d2ccc0,train
ex_002103,0,a73a3626d06f8c2e,validation
ex_002104,0,8e8dd6291b24bc3b,validation
ex_002105,0,dddc35dbffcad693,train
ex_002106,0,47ada92915d7542a,test
ex_002107,0,2f01ec6543b3601b,train
ex_002108,0,6c191da5660d7ca0,train
ex_002109,0,71f78c9251747b07,test
ex_002110,0,5b4175f35d0746a5,train
ex_002111,0,2093b257638ddf09,train
ex_002112,0,7d44ac40558811e2,train
ex_002113,0,ca10b48455011b52,train
ex_002114,0,fe38fdecae3ffae3,train
ex_002115,0,f63c7ca94030c062,test
ex_002116,0,a59b22a1bf92fca3,train
ex_002117,0,6429cb7a76beda4f,validation
ex_002118,0,1e4cc0e24289b9ed,train
ex_002119,0,fdf44914cae1d3d2,validation
ex_002120,0,0df9c20547853031,train
ex_002121,0,dbb87a1f385874ed,train
ex_002122,1,14270a4287ade303,train
ex_002123,0,e69413f4c6cbbebc,train
ex_002124,0,5609c10df1169c74,train
ex_002125,0,71462cb5f1328af7,train
ex_002126,0,eb56580ed6304449,test
ex_002127,0,b1be9b085d72c9cb,train
ex_002128,0,e1a74229b87c3f84,train
ex_002129,0,1f5835ef1034c948,train
ex_002130,0,48d5fb956ecdcf2d,train
ex_002131,0,ae0d96ddc200952d,train
ex_002132,0,fd3593a305cf5c3d,train
ex_002133,0,b23a90fbe4b21f5c,train
ex_002134,0,d1e411b7e204c15d,train
ex_002135,0,f52bc262bb1334ad,train
ex_002136,0,189ab49f39d2d81c,test
ex_002137,0,ec9d13963c65127e,test
ex_002138,0,2b3f5586da939e55,train
ex_002139,0,ba365d862dbf0211,train
ex_002140,0,b74d83fb05f954c6,test
ex_002141,0,8dac0c507d9952a5,train
ex_002142,0,8cd44a31c200913b,train
ex_002143,0,4a4cb73d289343a7,test
ex_002144,0,954202f1c35c3914,train
ex_002145,0,f6e00b0884e1e08c,train
ex_002146,0,57a35082ae0a4c05,test
ex_002147,0,7473f0a2d06e41b9,train
ex_002148,0,fa8bdc8379da5999,train
ex_002149,1,61a2dddf29610dff,test
ex_002150,0,8e13b2f108b4ab7b,train
ex_002151,0,475295207cf97224,train
ex_002152,0,441d8de1f92b3c7a,validation
ex_002153,0,17cc20278ed9501f,validation
ex_002154,0,a9d53d9f0d4be5fc,train
ex_002155,0,bbca4998d4f13496,train
ex_002156,0,f3875a830fcace3b,test
ex_002157,0,cc18b57f68b95e90,train
ex_002158,0,38533c4465eb1b3e,validation
ex_002159,0,dcb105406e4ea118,train
ex_002160,0,c06bbc36844e18d5,train
ex_002161,0,4c1b45da955b3f28,train
ex_002162,0,da4eef5f343e1c02,test
ex_002163,0,3136bbcebfd121f7,train
ex_002164,0,b166f197e655d806,train
ex_002165,0,0ff548bb22d8ea9e,train
ex_002166,0,e4d8564509112406,test
ex_002167,0,d1efb24cc729c7ad,validation
ex_002168,0,ae08806304467d59,validation
ex_002169,0,3cfb4c59c638369a,train
ex_002170,0,cf5afa57126b7031,train
ex_002171,0,125dc1b416266ee3,train
ex_002172,0,f8c3edfd4e65be1b,train
ex_002173,1,6261cd47caa854d5,train
ex_002174,0,1b438eb867b6a7bb,test
ex_002175,0,bda049e0c7f686e5,train
ex_002176,0,647355f445c2c4cf,test
ex_002177,0,8095ee9b16a5f3bf,train
ex_002178,0,87b3294a8aa32ce1,train
ex_002179,0,ae02294f7205a0f0,validation
ex_002180,0,90facd72206330e3,train
ex_002181,0,d5ad8d830ae91fec,train
ex_002182,1,ba4afbba6b349572,train
ex_002183,0,ebf1a13438bc1324,train
ex_002184,0,187805a6be67f6d0,validation
ex_002185,0,9762b61b2fe2e589,test
ex_002186,0,a29b0b22b3cc1baf,train
ex_002187,0,635dedd3c5ccfcbe,train
ex_002188,1,bf030c59f9dcd95d,train
ex_002189,0,742e520ee84ea7bb,train
ex_002190,0,825f8b9215ff7b05,train
ex_002191,0,5cf2b9fb781db492,train
ex_002192,0,692fa9dafd549c2b,train
ex_002193,0,8c49c7df866a1661,validation
ex_002194,0,fe231e9784cd7658,train
ex_002195,0,c7341f73d16616d7,train
ex_002196,0,32a53524424289a1,train
ex_002197,0,3b3c4c6fcecd7165,test
ex_002198,0,c6a55ced34524883,train
ex_002199,0,050a0ef36c8c03fa,train
ex_002200,0,83adcd9152128b8e,test
ex_002201,0,306825217efd3340,train
ex_002202,0,9379a5f502b21f49,train
ex_002203,0,fdcbc8eaeb566347,train
ex_002204,0,6e880263c0b5066d,train
ex_002205,0,8df4984832e1a22e,train
ex_002206,0,65d68542e2766699,train
ex_002207,0,2528b6b711af6adc,validation
ex_002208,0,1432020e51786bda,train
ex_002209,0,6fa422716b592303,train
ex_002210,0,ed442bdb1c16b914,train
ex_002211,0,f73a66b2420173b4,test
ex_002212,1,2050842e9876381b,validation
ex_002213,0,a4f31377aaed89d4,train
ex_002214,0,681ba8b6a583ebb5,train
ex_002215,0,4cbd86933eeefb1c,test
ex_002216,0,61d55bbf8c8bf58a,train
ex_002217,0,4a2420dfb1d5fcbb,train
ex_002218,0,afbbcadf066a77b7,train
ex_002219,0,39d31cf6c27da558,train
ex_002220,0,4ec0715501bc0dd2,train
ex_002221,0,9ad6dd5bf4b1a5e8,train
ex_002222,0,efc9d4a79dd68e4c,train
ex_002223,1,9bb41dc2e1e27f7f,validation
ex_002224,1,fb96dec06b242368,validation
ex_002225,0,f3e315b6ec95dcd5,train
ex_002226,0,f1e7038d16b86054,train
ex_002227,0,e55f70cd689cc3d8,train
ex_002228,1,f029085a0adb88e5,train
ex_002229,0,7fee8654317c5332,train
ex_002230,0,d9e2c9af1ab044ce,train
ex_002231,0,934b45281b8d689e,test
ex_002232,0,cb079dc90a75aa1a,validation
ex_002233,0,07db561696f6bd71,validation
ex_002234,0,10b5a308061de980,train
ex_002235,1,d7d2564e9b94b320,train
ex_002236,0,0d12d4d6bdd471d4,test
ex_002237,0,b5ff9a687116d8bd,train
ex_002238,0,77a6d09d449e8c09,test
ex_002239,0,4ece380eecc3950b,train
ex_002240,0,c6fbbe60b721ee4a,validation
ex_002241,0,46d938484cac93b4,train
ex_002242,0,da34413345b58713,train
ex_002243,0,8ef04ce2efc1f12e,train
ex_002244,0,e7e22bd2a986e610,train
ex_002245,0,36ac2d01cc73bf9c,train
ex_002246,0,8087715547faff94,train
ex_002247,0,d9b1b73eedd7b3a8,train
ex_002248,0,f6052e702202f0cc,validation
ex_002249,0,f4aa10ba29e29eb6,train
ex_002250,0,651be86f0390e224,train
ex_002251,0,7eff577cafe7a77f,test
ex_002252,0,f6af32b8264c0b1b,train
ex_002253,0,5a2a96fe946a411a,train
ex_002254,0,aa6264cbb61a05bd,train
ex_002255,1,e23cae590286b667,train
ex_002256,0,0a5ea12d72135229,train
ex_002257,0,ff994109794f384d,train
ex_002258,0,9d699215e0b75347,train
ex_002259,0,6de5d5f9424ecc8a,train
ex_002260,1,c032000f2b88151e,train
ex_002261,0,33569b00197ebd3b,test
ex_002262,0,bf5c32fe9e05cb6f,train
ex_002263,0,0b7ad4e8e5e47cf7,validation
ex_002264,0,d70e4dd90776282c,train
ex_002265,0,ede1513635acae0c,train
ex_002266,0,cc265cd08a920b12,train
ex_002267,0,442a799aef4a375f,train
ex_002268,0,5997bec1db6c7cff,train
ex_002269,0,d983e61989249d68,train
ex_002270,0,3a47474813555459,train
ex_002271,0,9251c07ad5f97095,train
ex_002272,0,c7765b991daa3004,validation
ex_002273,0,e9b6e4b0bc11dc55,validation
ex_002274,0,374ab1b5530c51ef,train
ex_002275,0,c21a270257c4e6c7,test
ex_002276,0,e2c26d5f70fe869e,train
ex_002277,0,ebc04702381d8e87,train
ex_002278,0,450e032f543b4be0,train
ex_002279,0,a28ec2318a85a2d4,train
ex_002280,0,497cd88819119cba,train
ex_002281,0,b96493c79b499013,train
ex_002282,0,84e5bdef70d3a5e7,train
ex_002283,0,9baf09b154d28bc6,train
ex_002284,0,1d798613c55ee5d5,train
ex_002285,0,678484f3b017811f,train
ex_002286,0,d0df27d94cbcb4cc,train
ex_002287,0,a3845d44253db42f,test
ex_002288,0,6978a694ed49b6cb,train
ex_002289,0,b7ede85be143c17f,train
ex_002290,0,6829c297d099cd07,train
ex_002291,0,3b052470592236e0,train
ex_002292,0,ba9af592b6d49b92,validation
ex_002293,0,45c74c0b3aa0e6b8,train
ex_002294,1,2ed2a10b7a1e854c,validation
ex_002295,0,6d46bbae6d64d5f2,validation
ex_002296,0,e6d637fbe76cd08f,validation
ex_002297,0,b5df11610ecf05ff,train
ex_002298,0,9b4354ce2a531e38,train
ex_002299,0,5b6c7f9457659d1f,train
ex_002300,0,dd323f30b74e28f6,train
ex_002301,0,8c196b9a620ec918,train
ex_002302,0,4c65c3d0cb6ee12d,train
ex_002303,0,58411d2c5535d9e8,test
ex_002304,1,a713643e640f5d9e,train
ex_002305,0,8d074d93c3fe3290,train
ex_002306,0,0623882193338ebe,train
ex_002307,0,2e557d2156e024ed,train
ex_002308,0,9a8e771da203ac75,train
ex_002309,0,feacff5d403430c6,train
ex_002310,0,a8f1a821e0779b72,train
ex_002311,0,0b2ed6747ad15609,train
ex_002312,0,7f084641d69e0d6c,test
ex_002313,0,988f6ce9fae33ee1,train
ex_002314,0,c98edb51a1547736,test
ex_002315,0,22190231745b2ee3,train
ex_002316,0,bf09bea7d0417b69,train
ex_002317,0,09e86f5afc9b394a,validation
ex_002318,0,b08bd7d3f9375c25,test
ex_002319,0,ea7c4128779feedd,train
ex_002320,0,5b1e0e409b2db842,validation
ex_002321,0,1389fea55bb10a36,test
ex_002322,0,c01c7eb694697909,train
ex_002323,0,6e47cb3824013724,validation
ex_002324,0,25b4311b7a07e96a,train
ex_002325,0,1a5c1825bbce0e77,train
ex_002326,0,2ad89f2ace7e2937,train
ex_002327,0,14314834db88d80a,train
ex_002328,0,4d37c268b538016f,validation
ex_002329,0,df09bf7b78e31fe4,train
ex_002330,0,8dfcd916e8cb873e,train
ex_002331,0,31a4cc3278dc3500,train
ex_002332,0,8f12a06c4c6d78d7,train
ex_002333,0,02684a3278d9820b,train
ex_002334,0,a7616256276433b5,validation
ex_002335,0,935699df02b132e4,train
ex_002336,0,c36fa3eae4e15176,test
ex_002337,0,a05703f9f03fb8a3,validation
ex_002338,0,563cf99da591893e,train
ex_002339,0,8c1f62bf8261c0c9,train
ex_002340,0,d5f34a22d3f0568b,train
ex_002341,0,240b99b5fc5d221d,train
ex_002342,0,193e42f4716c21c5,test
ex_002343,0,0a1a93004fc632ce,train
ex_002344,1,589ffa6ba682864f,train
ex_002345,0,49bf2c37ab4a67f9,train
ex_002346,0,2ff216ca0b60f8bd,train
ex_002347,0,c9269016f63108df,validation
ex_002348,0,0bc045c48c11bef7,train
ex_002349,0,91b59658cc0084f1,train
ex_002350,0,f75ab7269e77d105,test
ex_002351,0,5216f0b419d11c82,train
ex_002352,0,9c45990f9d0e7fc6,train
ex_002353,0,b5f44feb0bcd9422,train
ex_002354,0,29c107b2900c65d5,train
ex_002355,0,2f9d291a86c40474,validation
ex_002356,0,84d515c334b9c8a2,validation
ex_002357,0,35a87f057570a8af,train
ex_002358,0,a21eaa227dc0706c,train
ex_002359,0,323702ae1c8f1714,train
ex_002360,0,d8bd6caa798b9a3f,train
ex_002361,0,26c99d8d525d023c,train
ex_002362,0,73732002fd5ecf7f,test
ex_002363,0,fee11993017dee83,test
ex_002364,0,94b6d6e039486406,train
ex_002365,0,f2a906b4d331fee7,train
ex_002366,0,b8f8b0e581d120ef,train
ex_002367,0,96a213d8b4dc75d8,train
ex_002368,0,e7d1a82eaab51221,train
ex_002369,0,a5f735bf9d106d1d,train
ex_002370,0,a20bfc2f5b674ef0,test
ex_002371,0,3006caea5f7f3fca,test
ex_002372,0,89e625838b8b1648,test
ex_002373,0,c62734c862425c20,train
ex_002374,0,74cdd9f61d2276e0,test
ex_002375,0,ae677ec1c2b37b60,train
ex_002376,0,3d8595318726bd56,train
ex_002377,0,7695494a183e2aaf,train
ex_002378,0,b7c358f7938d0cb6,train
ex_002379,0,0cf1a15016e6309c,test
ex_002380,0,ac517ed3185227cf,train
ex_002381,0,2caf342aa7d5dc49,train
ex_002382,0,e0d076b7e310bcb6,validation
ex_002383,0,dc03078ed86a29b4,train
ex_002384,0,fbdecafa9bbe9836,train
ex_002385,0,09baaf13384214ca,train
ex_002386,0,ece44c39c129cade,train
ex_002387,0,04a6ad1b646f0427,train
ex_002388,0,83f763e75fb67b27,train
ex_002389,0,7bcb8b39c92e8d76,train
ex_002390,0,4f9ce3e983bd3c75,train
ex_002391,0,dd26cde39eabfb35,train
ex_002392,0,f7f0a0c532b48b29,train
ex_002393,0,3edb06765bc3bac8,validation
ex_002394,0,6cb64a6dbed132fd,validation
ex_002395,0,bf1e681f366e0737,test
ex_002396,0,17f992aa392a632b,train
ex_002397,0,92736b17301861db,test
ex_002398,0,a8ed04a95c66d326,validation
ex_002399,0,41bc6eca43c30e5f,validation
ex_002400,0,de68f257fb48257b,test
ex_002401,0,9cd693856c36a24a,test
ex_002402,0,5a0c835cf15b1857,train
ex_002403,0,755addcfbc152a42,train
ex_002404,0,83d6530e63a1eb31,test
ex_002405,0,c2aeb31318150159,validation
ex_002406,0,8d02e5eba0cc30ef,train
ex_002407,0,37ae01eb762c8560,train
ex_002408,0,444d1f0f804edb9a,train
ex_002409,0,ba5466947c4b78e5,train
ex_002410,0,f0cdc86844a6226b,train
ex_002411,0,2b7a576d18d7a45f,validation
ex_002412,0,33378023cab94e4d,train
ex_002413,0,e43419d45db5a891,train
ex_002414,0,c0d642c6a96a0fa7,train
ex_002415,0,63de8f56045bb9ab,train
ex_002416,0,1e2e7112ea24db78,train
ex_002417,0,2003f0de05b8e7b1,train
ex_002418,0,1e2c036be4dc1024,validation
ex_002419,0,031ae8840cdb0b9d,train
ex_002420,0,68dfb147ee632104,train
ex_002421,0,b0e8826ac896025d,train
ex_002422,0,363d3232650b9de5,train
ex_002423,0,a39ddaa332b2c49c,validation
ex_002424,0,906e0c09c288408f,train
ex_002425,0,afbd8b52ac35d6f5,validation
ex_002426,0,1a3d171b6218b54b,train
ex_002427,0,c48c3eca7e46ac0f,train
ex_002428,0,c35c59c918e2cf34,train
ex_002429,0,7c78f570a168b01d,train
ex_002430,0,ccbc1e850f29f954,validation
ex_002431,1,436cc3ef1d232743,validation
ex_002432,0,24b08562e0866a71,train
ex_002433,0,98f2948eec4d65af,train
ex_002434,0,17c7e2eb6d3ee401,train
ex_002435,0,587574c0e443ed65,train
ex_002436,0,c05dcb0f639fa6ba,train
ex_002437,0,b9ce3fb0a27cb742,train
ex_002438,0,ed73c77cbd7b8e35,train
ex_002439,0,ce9916e700de365b,validation
ex_002440,0,4562d63a0815c358,train
ex_002441,0,73ff78b3647d48ff,train
ex_002442,0,05d3e6350090ad3a,test
ex_002443,0,7d3db8f3acc40de0,train
ex_002444,0,e7085d46f9de8924,train
ex_002445,0,20be625db296aa4d,train
ex_002446,0,f3e1aca127f236ec,train
ex_002447,0,06bc9235f0764f0a,train
ex_002448,1,9f74beea3578eab2,train
ex_002449,0,7c91e26663b08dd6,validation
ex_002450,0,f8a068d92822824d,train
ex_002451,0,158e1dacde1cd8c7,test
ex_002452,0,3435b0dbca376051,train
ex_002453,0,8fedaa0aa9dff383,test
ex_002454,0,cc6b68fe6f68c998,train
ex_002455,0,91607e45cb77c1b8,train
ex_002456,0,bdfc2030f13785c2,train
ex_002457,0,67d737ed6ea3853d,validation
ex_002458,0,f59eb83ac181bdf2,test
ex_002459,0,489368c33022ff31,train
ex_002460,0,06d201c4b4de9b28,train
ex_002461,0,e3a6801ddddc4194,train
ex_002462,0,e8cc982b7d54527b,validation
ex_002463,0,4a19b63353f62855,validation
ex_002464,0,ab836f529e91cb5e,train
ex_002465,0,c789cedf2294cddd,train
ex_002466,0,2a57bf6ce27f9494,validation
ex_002467,0,890c3c448f1ba584,test
ex_002468,0,73767af63db82c94,validation
ex_002469,0,f740fe6e1221bf5e,train
ex_002470,0,e7e51e9fecab4059,train
ex_002471,1,9e35ac7b28f30829,train
ex_002472,0,7d581f8b974e5a59,train
ex_002473,1,5bcf66f35121aa56,train
ex_002474,0,177a82f1b56e8b12,validation
ex_002475,0,6cf1cb13d519e522,train
ex_002476,0,a00a0fe1c4b96c20,train
ex_002477,0,5d06a72a83c16f07,test
ex_002478,1,23025087d41c7268,train
ex_002479,0,cacac334698e9e86,train
ex_002480,0,c2587c1d1fa81032,test
ex_002481,0,e5a987c99939cccb,validation
ex_002482,0,24d8fd58ec3e69ef,train
ex_002483,0,f693da0e64ffd331,train
ex_002484,0,ac89d29293a07b23,validation
ex_002485,1,a9cad225fd7e15ab,test
ex_002486,0,9e7bc0396ed036ca,test
ex_002487,1,4f19e711bf7b9e33,train
ex_002488,0,fd9f6bc6e28a36bb,validation
ex_002489,0,48cc58bdc585e5aa,train
ex_002490,0,8f86e878ced007d6,train
ex_002491,0,f539f6a73180580a,train
ex_002492,0,9d60556e7567046b,train
ex_002493,0,e2930c5b737fcea9,train
ex_002494,0,2d5438c2da082ee0,validation
ex_002495,0,86a5c5561d9ee159,train
ex_002496,0,328796711b31d6a9,train
ex_002497,0,900bc071853d4781,test
ex_002498,0,cd9222438512b06f,train
ex_002499,0,279a8e2808022f69,train
ex_002500,0,dc72e3f7ba85c860,train
ex_002501,0,00a6dc73d5574356,train
ex_002502,0,86568d6c18d654eb,validation
ex_002503,1,28cdbce11bab5b2b,train
ex_002504,0,44fdc4e9e2d9fa90,train
ex_002505,0,573d174385c55803,train
ex_002506,0,bb477e6be2a61aee,train
ex_002507,0,fa7a9c532682f382,train
ex_002508,0,f7f2a9e7ca4321e7,train
ex_002509,0,8a71f6964f8e595f,test
ex_002510,0,4e83e1d446e491af,train
ex_002511,0,b1c0fb07991fb66b,train
ex_002512,0,0f54d13cb00ec678,test
ex_002513,0,0b8f48ab1c1ab2a4,train
ex_002514,0,c5e56e0cc6b46a85,train
ex_002515,0,7429b9123a7bc251,test
ex_002516,0,12701469a3f82ad5,validation
ex_002517,0,bee7600bb79c7cce,train
ex_002518,0,409700ec340592dd,train
ex_002519,0,00a6bcad1587ecca,train
ex_002520,0,32561a995af11214,validation
ex_002521,0,2b230d6d0196cf88,test
ex_002522,0,086e8207f72a69d4,train
ex_002523,0,c2fc4f4d35801e3c,train
ex_002524,0,6b725d7d27b027e2,train
ex_002525,1,0b6a46c4d976f5d9,test
ex_002526,0,5fa1527b0c346268,test
ex_002527,0,9a8b0187fff318e8,train
ex_002528,0,8ba929fdf04914e1,test
ex_002529,0,00f446fa615d284c,train
ex_002530,0,40bf587158ffd3f3,train
ex_002531,0,f52acf6ffe2dd057,train
ex_002532,0,4fc974822843ff59,train
ex_002533,0,e26347c8558622a3,train
ex_002534,0,d09acb60ba7067af,test
ex_002535,0,c25191a3c3cd1d97,validation
ex_002536,0,e9b101312fb11018,train
ex_002537,1,7d0a85f58935de87,train
ex_002538,0,95d551f7610c7177,validation
ex_002539,1,16bc584def93ee34,train
ex_002540,1,b72e629ef3bf1c54,train
ex_002541,1,acd63b88b6eab896,test
ex_002542,0,4df83a25bf0d7a71,train
ex_002543,1,c03b5a18b134b297,train
ex_002544,0,da097ae9b5947837,train
ex_002545,0,87bf9682a741a99c,test
ex_002546,1,0fb6377245398da0,train
ex_002547,0,4c14694f0f1bbc13,train
ex_002548,0,686ec2b0a955d955,train
ex_002549,0,ed06c6c44d85f8d1,train
ex_002550,0,344a4b096532fa6d,train
ex_002551,1,d77882b994561aa4,train
ex_002552,0,ec6b5522e9fcc677,train
ex_002553,0,21e6c3647434076e,train
ex_002554,1,7577cba662c5ae09,train
ex_002555,0,b9f81445a5db8286,train
ex_002556,1,f90c86c1e0cc435b,train
ex_002557,0,329f3dd9b2c5549d,train
ex_002558,1,77c2f5f5c6a7ff75,train
ex_002559,1,2f6043b7be994e58,train
ex_002560,0,80bdefd1a29804e0,train
ex_002561,1,4d45eccf898c4eae,train
ex_002562,1,3e088765cca25c4d,validation
ex_002563,0,cbd1bbaf7fe632f3,train
ex_002564,0,17cec0ad30e0c85e,validation
ex_002565,1,d31b361f413b5b27,train
ex_002566,0,974eb7ec98ab5d3a,train
ex_002567,0,2b17e4e7a4ebb16d,train
ex_002568,0,f3454e5cce7fade9,train
ex_002569,1,01b5f7f795b7871f,train
ex_002570,0,6bc888ecc2ac2d3e,train
ex_002571,1,8624efca668ad0f1,train
ex_002572,1,206d387a462ac6e9,validation
ex_002573,1,e9a682a8e2a215a2,train
ex_002574,0,641c4235857fd25c,train
ex_002575,1,6b2436f297d1437e,train
ex_002576,1,f0373f38be94883d,train
ex_002577,1,9871811ee6d13246,test
ex_002578,1,2752ffd705febb84,validation
ex_002579,0,f0217539bcc5afa0,train
ex_002580,1,9b8c6fea5b43c383,train
ex_002581,0,a1834d25084b517c,train
ex_002582,0,9e7f08398a99f1c4,train
ex_002583,0,18a2978cfd317efc,train
ex_002584,1,36036ddd67719d49,train
ex_002585,0,6f61a17676a830e1,train
ex_002586,1,3d42c4e12bc6b872,validation
ex_002587,1,38608e6e459878ab,train
ex_002588,1,e426329b542be097,train
ex_002589,1,dd7bcc899d33aa30,validation
ex_002590,0,cd4a5430103a0bd8,train
ex_002591,1,c790327fce329497,train
ex_002592,1,33179afaef809fb7,test
ex_002593,0,177c455a9d4d3d6b,validation
ex_002594,1,7f6a87a299a7dd1f,train
ex_002595,1,c4b8c65c355727d1,train
ex_002596,0,f6926fb93aa06b25,train
ex_002597,1,20c803d7ded489b3,train
ex_002598,0,891f94195333ee3a,train
ex_002599,1,23db85e527c4e61b,train
ex_002600,1,f997ec2dec6e5c44,train
ex_002601,1,6e0ec6983f2d6f45,test
ex_002602,0,112f330f3d4e9604,train
ex_002603,0,ba5350f707e0cd12,test
ex_002604,1,fed5834174906984,test
ex_002605,1,a0f909d51f73f795,train
ex_002606,1,8a75235443be711f,train
ex_002607,1,fd02ac8a1808b4e9,train
ex_002608,1,7c0c29e15a83429b,train
ex_002609,1,4593b7773dbbfbd3,train
ex_002610,1,2677ec40950eb993,validation
ex_002611,0,3df0bedada2af970,test
ex_002612,1,da790cd9c3f28415,train
ex_002613,1,4b973af555f88f02,train
ex_002614,1,77931faf20758cd7,train
ex_002615,0,909892951d8ad070,test
ex_002616,0,d08df1ca1399af6c,train
ex_002617,0,5d77c386445d90f6,train
ex_002618,1,ca5e8e63cf370a95,train
ex_002619,0,a2678d5913db4f99,validation
ex_002620,1,4da5b75d139b91c1,validation
ex_002621,1,dbecf0c4bfe95cf4,test
ex_002622,0,54ea7c10d400662c,train
ex_002623,1,ad5e750abf8273d3,train
ex_002624,1,2ab6a6635ed83251,train
ex_002625,1,46674be0add62200,test
ex_002626,1,44ac7ba2ce37f7ce,validation
ex_002627,0,dfe8b7077647019a,test
ex_002628,1,c875f7499791eae5,train
ex_002629,1,a1ab501bee0f742f,train
ex_002630,0,5c7e26195f9dcfbf,test
ex_002631,1,a6c3deaafb5eca9a,test
ex_002632,1,b40bdca0aad6bb76,test
ex_002633,1,6a04e5ee5fc221e0,train
ex_002634,1,2f073f15e3210f00,train
ex_002635,0,1871c7599a09804c,train
ex_002636,0,49bfc3ab281be70c,train
ex_002637,0,d9170ecce6293c6d,train
ex_002638,0,4b6849ca379fc123,validation
ex_002639,0,c0dcece65fb825a3,train
ex_002640,1,b4f7c01f02ca1723,test
ex_002641,0,55b5dcd5587335e6,test
ex_002642,0,565476aca016e2e1,train
ex_002643,0,d21244dd96045bad,train
ex_002644,0,d3e5ca1184ea8bc1,train
ex_002645,1,a6b9430290354d06,train
ex_002646,0,0ebbbba89e22e9dd,train
ex_002647,0,da3403f5b7e7ecea,test
ex_002648,0,bfa1652b692c4f26,train
ex_002649,1,a2fab9c452f6eb57,train
ex_002650,0,2658d1e1dea7e621,train
ex_002651,0,95b54deef3dbe5dd,train
ex_002652,0,9c71b34def9a54d0,train
ex_002653,1,429d131915bd2065,train
ex_002654,0,f0db02e4750b3219,train
ex_002655,0,586bb6eef1b6d2a2,train
ex_002656,0,9439255ea9072605,train
ex_002657,0,6a3afdfffd4a9220,train
ex_002658,0,01da47c76b1b3e35,test
ex_002659,0,b94695b9ba6be841,train
ex_002660,0,e82d0bd5f86c91d6,train
ex_002661,0,96b8c7a92a2bdb36,train
ex_002662,0,43748221a9111f27,train
ex_002663,0,afd69898fc7cfcc3,test
ex_002664,0,46ae87a07c3f3533,test
ex_002665,0,16e1bc3d55311c6b,train
ex_002666,0,29847920682eedbf,test
ex_002667,0,9bd640daa5ac85e8,validation
ex_002668,0,8d2c043bbbb58712,validation
ex_002669,0,25c9a8461a983392,train
ex_002670,0,e23ba15c85275b57,validation
ex_002671,0,e167476a36c4433b,validation
ex_002672,0,be30c2bdcaba7980,train
ex_002673,1,fe7d0ccaf9afafc9,train
ex_002674,0,244988668cbeb085,train
ex_002675,0,abf9caad983bda90,train
ex_002676,0,aea3bc5214ecff7c,train
ex_002677,0,90916c117060a66d,train
ex_002678,0,6e51253cf42d5f86,train
ex_002679,0,83a0b57d78f047b0,train
ex_002680,1,97b655762dac918a,validation
ex_002681,0,8dd0cdd505375842,test
ex_002682,0,c4f2bd34c99af95c,validation
ex_002683,0,7f2290411b0cdd3a,train
ex_002684,0,014fec835ea7bc92,test
ex_002685,0,46bc8393000a99ac,validation
ex_002686,0,f2b64d0944417dbb,train
ex_002687,0,baec3f028753373c,train
ex_002688,0,0ba4ee8415176efc,validation
ex_002689,0,bdfbf33b1ce5bf53,train
ex_002690,0,bfed762ed9b30f0a,train
ex_002691,0,55d58364d377c36d,train
ex_002692,0,2e46ccc6d04bc4cb,validation
ex_002693,0,3e3a243bfe30aa67,train
ex_002694,0,f4d9833b469f6201,train
ex_002695,0,4fa8d6e4457acd66,train
ex_002696,0,d2088efc0123c9d7,validation
ex_002697,0,f96aa224907463af,train
ex_002698,0,a68fe0ff625915f3,validation
ex_002699,0,81cdfc484852f6a0,test
ex_002700,0,ee6ff606d553be54,train
ex_002701,0,8851d1de90de0691,train
ex_002702,0,07db380d0725bb7c,validation
ex_002703,0,26c3fc354f3eff09,train
ex_002704,0,2e5d8491029a6ac7,train
ex_002705,0,3516ed0059e396c3,train
ex_002706,0,6217b7a0f7fea807,train
ex_002707,0,f1bf5a4bd0165ec4,train
ex_002708,0,5b59fe685b2dac5d,train
ex_002709,0,b0aa112eb033d91a,validation
ex_002710,0,59f442b98d0171c8,validation
ex_002711,0,7fb3537065e23985,train
ex_002712,0,d96c84184b3760c7,validation
ex_002713,0,adca6c67952e7b5d,train
ex_002714,1,45a53c0108950ab8,train
ex_002715,0,2d91d1f780243a22,train
ex_002716,0,c345e256c4600106,train
ex_002717,0,a5a1e971805fa6f1,train
ex_002718,0,db3c3f4b0b9372f2,train
ex_002719,0,32e791b0e08ae7ce,train
ex_002720,0,c43a0b449a2eb949,train
ex_002721,0,395904b0d9382056,test
ex_002722,0,8147d891b5da5906,validation
ex_002723,0,937600bf1f7bef5c,train
ex_002724,0,904a8f9423ac666d,train
ex_002725,0,b68673b9b88c4b7f,train
ex_002726,0,a41295601c2e4a37,train
ex_002727,0,fd28212909a7a4f2,validation
ex_002728,0,1415242be86b16db,test
ex_002729,0,1539bed7468dacb7,validation
ex_002730,0,1791fcb367e286bb,test
ex_002731,0,ebad0cc7a8e13f3f,train
ex_002732,0,45465ad6ee5fc61a,train
ex_002733,1,151b04271f552f86,validation
ex_002734,0,926bd71b871f4c15,test
ex_002735,0,c3aa81570f4cca75,train
ex_002736,1,8eb4190b6e29507b,train
ex_002737,0,f2dc29141bc3808e,validation
ex_002738,0,1dd5b894180e244e,train
ex_002739,0,bdca2d3908d5fe32,train
ex_002740,0,93d191470899e775,test
ex_002741,0,3367c356432fa746,train
ex_002742,1,55a4812918c96dc2,train
ex_002743,0,6043f5940a7afc5f,train
ex_002744,0,66c2e7ef1e623f92,train
ex_002745,0,e25dd05091256b91,train
ex_002746,0,26350f6860fe808b,validation
ex_002747,0,f9f1a98accb7f4ac,train
ex_002748,1,06802cde519cb3ba,train
ex_002749,0,75290c1292b35e99,train
ex_002750,0,a0100a6913c12695,train
ex_002751,0,bdcb801ac7c4a3bf,validation
ex_002752,0,f30c2cce89728ccb,validation
ex_002753,0,90ecdda37cbc4ecc,test
ex_002754,0,fbc96dee31bb0ada,test
ex_002755,0,e075657c4aa7835b,train
ex_002756,0,8d18e4d65112d1d8,train
ex_002757,0,ffc116d7290a70b7,train
ex_002758,0,85619383556f1671,train
ex_002759,0,8b432229133feeb9,validation
ex_002760,0,3d1ce9ca88b0bdef,train
ex_002761,0,ae4f92f9cbfa472a,train
ex_002762,0,9423298b70ab06f5,train
ex_002763,0,c850131130f8f96f,test
ex_002764,0,05a062851050d92e,train
ex_002765,0,73047657dddc2057,train
ex_002766,0,a8477facaab34e6d,test
ex_002767,0,0c6507e011b9da08,test
ex_002768,0,b2f9e782b802fa9d,train
ex_002769,0,0c926dae9aa792fc,train
ex_002770,0,31baf48dd85930a8,train
ex_002771,0,975f193e13536ee6,train
ex_002772,0,a1a4785179cc5660,train
ex_002773,1,afe2c79d2e94f828,train
ex_002774,0,f3524db00c8b3650,train
ex_002775,0,8b0deb5feff0ae3f,train
ex_002776,0,ba606f02815815a5,train
ex_002777,0,cb98390bccef595a,test
ex_002778,0,6b1ef172fc1b2013,train
ex_002779,0,2e7493868e419db8,train
ex_002780,0,381907081e0dfc53,validation
ex_002781,0,788cecaa228d5ff5,train
ex_002782,0,edded323d588b6e7,validation
ex_002783,0,11cc551d57e9c1be,train
ex_002784,0,ce54d84f7bdae193,validation
ex_002785,1,c1b0ece495861cb1,test
ex_002786,0,d4ed9b9d09181321,train
ex_002787,0,d2eecc2aa32a97f8,validation
ex_002788,0,3d8a691665c1ad8e,train
ex_002789,0,31c63a3d49ebbc97,train
ex_002790,0,7d3d320cf079576b,train
ex_002791,0,a8dfb1ea2fdab1d0,train
ex_002792,0,3838bf55715de88a,test
ex_002793,0,f96ca8eb5af134cd,train
ex_002794,0,6e97262a8acb0762,validation
ex_002795,0,15f39282d63531b1,test
ex_002796,0,1c76200cc85b600e,train
ex_002797,0,2b7867c53e02b2f7,train
ex_002798,0,b4a970e630dd4fd7,train
ex_002799,0,d0b48c1594f60e76,train
ex_002800,0,ec1fabb8c904bdce,train
ex_002801,0,780287d5174e2136,train
ex_002802,0,4272fe106956c17a,train
ex_002803,0,be2584f1beacf475,train
ex_002804,0,19f9bfc1cde90415,test
ex_002805,0,b01528f308ede8aa,validation
ex_002806,0,fc227641d61bddd4,train
ex_002807,1,f9ba83114e384b25,train
ex_002808,0,f90aa190502e0b65,train
ex_002809,1,7cb30da98fcb3cae,train
ex_002810,0,8ba3881c17b596f8,train
ex_002811,0,761f8ec3a151a25a,train
ex_002812,0,894e133c698e0cdb,validation
ex_002813,0,5b4fdcb2234ccdaf,train
ex_002814,1,6254089e5c9839db,train
ex_002815,0,c4e20dc61daac489,train
ex_002816,1,2445c579e3956b08,train
ex_002817,0,a2861791a89455a0,train
ex_002818,0,bf45934c1a01c386,train
ex_002819,0,a4fcdf72997d9bd1,train
ex_002820,0,4876622c4315b358,train
ex_002821,0,f8ae47369f409d04,train
ex_002822,1,f378b4d939d6681d,train
ex_002823,1,f3d54c7263450618,train
ex_002824,0,dbee84c0c0102f26,train
ex_002825,0,e9aa40d9cd6ce6d5,train
ex_002826,0,b8cf22ec96e9f02c,train
ex_002827,0,683ccdc69400f2f3,train
ex_002828,1,886603ca375e242e,validation
ex_002829,0,dc2fb011091d8c5d,train
ex_002830,0,383394774e3f0dde,train
ex_002831,0,68ee7291cd253850,test
ex_002832,0,175596a985755001,train
ex_002833,0,5f29859d725024c8,train
ex_002834,0,c90e7ba75397fe93,train
ex_002835,0,4ae0b16f8575efd9,train
ex_002836,0,abeb4d76ee278b84,train
ex_002837,0,6cf5e12b483fd9d4,validation
ex_002838,0,14112f683d8f26ac,train
ex_002839,0,52af7178dc885fc5,train
ex_002840,1,0dd5cf321d73f77f,train
ex_002841,0,d06981a18247d2a9,test
ex_002842,0,515139b1254c3372,train
ex_002843,0,7ae54d57debecf00,train
ex_002844,1,95828eb05f136f98,train
ex_002845,0,ed6d9176116f008a,train
ex_002846,0,882511c5b6c72dc6,train
ex_002847,0,4b0d77a13232888c,train
ex_002848,0,04e3d51a1280e4da,test
ex_002849,0,d2af018dc3328c79,train
ex_002850,0,c5d653ebc987434f,test
ex_002851,0,5106db9d762fded0,test
ex_002852,1,7dd42b1baa627d12,train
ex_002853,1,e884b6a15c606091,train
ex_002854,0,8b788af82b546bf6,train
ex_002855,0,b41477ef4c5f785d,test
ex_002856,0,d4e3fe1c2a5280f6,validation
ex_002857,0,a8ff1c41b8415cb2,validation
ex_002858,0,1ae93a8ef5ed11ca,test
ex_002859,0,01c54d4f91aa42d1,train
ex_002860,1,768b1eae439f5426,train
ex_002861,0,fda72351ec4057f7,train
ex_002862,1,9cafc50fc00bb677,train
ex_002863,0,03e7b7e82394a33d,train
ex_002864,0,955f256decfac29f,train
ex_002865,0,129f847c4c5a19ef,train
ex_002866,0,ab4e1dd9b8bfe9fc,test
ex_002867,0,cd118e878df8d390,train
ex_002868,0,21227cc907b7ca31,validation
ex_002869,0,cb7b6ebaae482ff7,train
ex_002870,1,b73432bb1339a66b,train
ex_002871,0,7fa5aaa704a4a76c,train
ex_002872,0,f91dbb71f076ac98,test
ex_002873,0,b6b2f96fad36b2f5,validation
ex_002874,0,62ece51826be9b28,test
ex_002875,0,b23c26fe0fc6a688,test
ex_002876,0,236e825617c2d39c,train
ex_002877,0,405408ec727a0616,validation
ex_002878,0,6e580b9b493734d5,test
ex_002879,0,17760f1d2fe2fc7f,test
ex_002880,1,1b945917cf013a52,train
ex_002881,1,f6767df5932bf08f,validation
ex_002882,0,d3f0dfa51f89f9ab,validation
ex_002883,0,7d06034fd4590263,train
ex_002884,0,58ea166022ac30b4,train
ex_002885,0,f39bbeae3d243f2a,train
ex_002886,1,29a2d6efba742ec2,test
ex_002887,0,000f3763bc795027,validation
ex_002888,1,5556aa790da35d01,train
ex_002889,1,256e25ce40ab68df,validation
ex_002890,1,c309ae88d4dceb74,train
ex_002891,0,5a093d46255a373c,train
ex_002892,0,ec42f4ee361eb47f,train
ex_002893,0,9893e83ed668d3b3,train
ex_002894,1,56915a62cac3802f,train
ex_002895,0,2b75936252cbec78,train
ex_002896,0,13a37ec24fbcbe49,train
ex_002897,0,b55eefb07f64be6c,train
ex_002898,0,fe20e810e5e0e38e,train
ex_002899,0,650aed4b06f9eecc,train
ex_002900,0,847a33a3b2bb63b2,train
ex_002901,0,6ef4cb7ce066d73d,train
ex_002902,0,5b8f265c7bd33736,train
ex_002903,0,a562e4186a1f7ff1,test
ex_002904,0,cd42b3f78dc7b7ed,train
ex_002905,0,45d52107330a01c7,train
ex_002906,0,b2a8c53b76240935,train
ex_002907,1,221cbb6260a59371,train
ex_002908,0,802bd1e1a94986b6,validation
ex_002909,0,30d3cbd360eec1d8,test
ex_002910,0,74299b79bc6ecc1a,train
ex_002911,0,e659e8950517b275,test
ex_002912,0,95f936ea0f32db43,train
ex_002913,0,316bf8e71c88b8d8,validation
ex_002914,0,83891ad56ac2bdd3,train
ex_002915,0,8791bb2faa0c0aea,validation
ex_002916,1,4197222ec8bdaaaa,train
ex_002917,1,bf6be96b22ae15b3,train
ex_002918,1,3a90ca5dffdd6693,train
ex_002919,1,1474c9b4daa2366e,train
ex_002920,1,eb741a92ddf2ebbb,train
ex_002921,0,e9dad13fb4b1d113,validation
ex_002922,0,d4de51bd26e892e1,train
ex_002923,0,14934aae8eb7f765,train
ex_002924,1,75d292c9b927caa7,validation
ex_002925,0,28e74d96e186b3ec,validation
ex_002926,0,e6710137a71b2a55,train
ex_002927,0,807edce83aef7c18,train
ex_002928,0,31506a8448a761a4,train
ex_002929,0,34d9af4401637a5d,train
ex_002930,0,4277151fcf3f72cb,train
ex_002931,0,1b1d4bae3bf96aa1,train
ex_002932,0,560c248fa0cd7548,train
ex_002933,0,83ec13d1ae2161f1,train
ex_002934,0,f0bcbfc46a6ba655,train
ex_002935,0,6fa487e643092df6,train
ex_002936,1,c4de183e3f2f63c2,train
ex_002937,0,4d941a69ad928499,train
ex_002938,0,e3c7ffde091d4208,train
ex_002939,1,4dcb0411a052a6d2,train
ex_002940,0,243f34dc599b49ac,test
ex_002941,1,1800fac635f51e74,train
ex_002942,0,f0ea263c2f890d17,validation
ex_002943,0,120f6e5b4ea32f65,test
ex_002944,1,b5ccd2050993a26f,validation
ex_002945,1,617b097639b4c3b5,validation
ex_002946,0,6ce85b604ea0049b,train
ex_002947,0,3c0545d924fd7b6a,train
ex_002948,0,cd0f070b8958f381,train
ex_002949,1,bf419cd69bbf2667,test
ex_002950,1,49d492b5d8533242,train
ex_002951,0,590ae13a9b58a0ca,train
ex_002952,0,f1f830f69e9ebbee,validation
ex_002953,0,4694965922bbd88f,train
ex_002954,0,9a39752882cc042c,test
ex_002955,0,51c6370b3b1c6b1d,train
ex_002956,0,2a7ce9ba9601a8d3,test
ex_002957,0,e27715a5b8cf5165,train
ex_002958,0,05764fc6867f5663,train
ex_002959,0,88b80b05c0a6eefb,validation
ex_002960,0,cd5bd8e20c95e6fa,train
ex_002961,0,ebf9bb364cfc5d21,train
ex_002962,0,45217fd943d3042c,validation
ex_002963,0,1192a4aadd180205,test
ex_002964,0,2d9dbae23097b240,validation
ex_002965,0,f4226cdc13e94721,train
ex_002966,0,baabe9e5f8b39062,train
ex_002967,0,b1b1b9934feadff9,test
ex_002968,0,a0b5f309c94bd7fb,validation
ex_002969,0,fc8e47f510a76050,train
ex_002970,0,eefa474d164efaf6,validation
ex_002971,1,519fdb895e362347,train
ex_002972,0,8b9cc0866a45cbf9,train
ex_002973,0,7c764b378d66824b,validation
ex_002974,0,ab96405c9188d135,train
ex_002975,0,f233c7254afd945a,test
ex_002976,0,255356764cf7a0ba,train
ex_002977,0,d37378b4fd0d4715,validation
ex_002978,0,4dfa3a4620e026e4,train
ex_002979,0,0a50dae1d7ae7142,test
ex_002980,0,faba8b1d98bb0f49,validation
ex_002981,0,a2f2ad3e144c2245,test
ex_002982,0,4bbe16b5f33ab5d8,train
ex_002983,0,823b3d74c149be68,train
ex_002984,0,cbb3dbc7ce4e5ba5,train
ex_002985,0,6ac18ba81a4835a1,test
ex_002986,0,732d7d4384a9f71e,train
ex_002987,0,dc09a606e9b9432e,train
ex_002988,0,88a0ef5943821be1,train
ex_002989,0,76809170ec0e1125,train
ex_002990,1,a17b00904bfb3345,test
ex_002991,0,ae748cb08bb93283,train
ex_002992,0,ba9ebb7bc9d7eb8d,validation
ex_002993,0,9e3366804b7f2df2,train
ex_002994,0,e94507b6c1c1a614,train
ex_002995,0,17fbdc8f65a3be67,train
ex_002996,0,16f7a37330126b13,train
ex_002997,0,305aef79326ca50d,train
ex_002998,0,23d050c734f4c11c,train
